id;Title;Principal Aim;Principal Aim 2;Proposes a model or method?;Author (citation APA);Country of the data;Publication Year;Journal Name;Type of Journal;N;Type of participant;Age;Sport;Sport_1;Gender;Category participants;Name of source data;Category classification;Type of model;Type of survival model/analysis;Details of the analysis;Kaplan-Meier;Cox;Logistic regression or rates;Log-rank;Tarone_test;Prentice_wilcoxon;Harrington–Fleming;Cox Random effects;MSM;GLM pseudo-obs;Random survival forest;Prametric model;Fine-Gray model;Aalen-Johansen;Competing-risks;Bayesian multilevel logistic regression;Any method;Type of paradigm;Statistical software;Macro/package;Data sharing;Code sharing;Purpose of the analysis;Identify dates or events;Circumstances data censored;Statistical methods rates;Assumptions of survival analysis;Give the estimated survival probability;Nº participants en risk;Plot cumulative ;Reporting median survival times;Results in a graph or table;Statistical methods compare curves;Report the P value;Regression model;Measure of risk;Additional information;Censoring type;Truncament;Random effects;Time dependent
1;150 minutes of vigorous physical activity per week predicts survival and successful ageing: a population-based 11-year longitudinal study of 12 201 older Australian men;To determine whether physical activity is associated with healthy ageing in later life;.;N;Almeida, O. P., Khan, K. M., Hankey, G. J., Yeap, B. B., Golledge, J., & Flicker, L. (2014).;Australia;2014;BRITISH JOURNAL OF SPORTS MEDICINE;Sports Medicine;12201;Cases;[65-83];PA;.;Male;Amateur;Not reported;Health;Y;Cox Regression;Cox regression and general linear models;Yes;Yes;No;No;No;No;No;No;No;No;No;No;No;No;No;No;OK;Frequentist;STATA;No;No;No;Yes;Yes;No;Yes;No;Partial;No;No;No;Yes;Yes;No;Yes;Yes;;Derecha;No;No;No
2;A 20-Year Follow-up After First-Generation Autologous Chondrocyte Implantation;To evaluate clinical outcomes after first-generation ACI for the treatment of knees with disabling, large single and multiple cartilage defects for which patients wished to avoid prosthetic arthroplasty, with a minimum of 20 years' follow-up;.;N;Ogura, T., Mosier, B. A., Bryant, T., & Minas, T. (2017).;USA;2017;AMERICAN JOURNAL OF SPORTS MEDICINE;Sports Medicine;23;Cases;[13-52];Not sport;.;Both;Not sport;Not reported;Health;Y;Kaplan-Meier;.;Yes;No;No;Yes;No;No;Yes;No;No;No;No;No;No;No;No;No;OK;Frequentist;STATA;No;No;No;Yes;Yes;No;Yes;No;Yes;No;No;No;Yes;Yes;Yes;No;No;;Derecha;No;No;No
3;A Prospective Analysis of the Contralateral Hip Among Patients With Femoroacetabular Impingement: What Are the Risk Factors for Disease Progression?;To determine rates of initial and subsequent symptom development in the contralateral hip of patients with symptomatic FAI;Identify predictors of the development of symptomatic contralateral FAI;N;Louer, C. R., Pashos, G., Clohisy, J. C., & Nepple, J. J. (2018).;USA;2018;AMERICAN JOURNAL OF SPORTS MEDICINE;Sports Medicine;148;Cases;30.9;Not sport;.;Both;Not sport;Not reported;Health;Y;Kaplan-Meier;Kaplan-Meier Survival analysis and univariate analysis;Yes;No;No;No;No;No;No;No;No;No;No;No;No;No;No;No;OK;Frequentist;Not reported;No;No;No;Yes;Yes;Yes;Yes;No;Partial;No;No;No;Yes;NA;No;No;No;;Derecha;No;No;No
4;Adherence to physical activity in an unsupervised setting: Explanatory variables for high attrition rates among fitness center members;To evaluate the attrition rate of members of a fitness center in the city of Rio de Janeiro and the potential explanatory variables for the phenomenon;.;N;Sperandei, S., Vieira, M. C., & Reis, A. C. (2016).;Brazil;2016;JOURNAL OF SCIENCE AND MEDICINE IN SPORT;Sports Medicine;5240;Cases;31.1;PA;.;Both;Amateur;Not reported;Health;Y;Cox Regression;.;Yes;Yes;No;Yes;Yes;Yes;Yes;No;No;No;No;No;No;No;No;No;OK;Frequentist;Not reported;No;No;No;Yes;Yes;No;Yes;No;Yes;No;No;No;Yes;Yes;Yes;Yes;Yes;;Derecha;No;No;No
5;Adolescents and female patients are at increased risk for contralateral anterior cruciate ligament reconstruction: a cohort study from the Swedish National Knee Ligament Register based on 17,682 patients;To investigate the impact of different surgical techniques in index ACL reconstruction for patients undergoing contralateral ACL reconstruction.;.;N;Snaebjörnsson, T., Hamrin Senorski, E., Sundemo, D., Svantesson, E., Westin, O., Musahl, V., Alentorn-Geli, E., & Samuelsson, K. (2017).;Sweden;2017;KNEE SURGERY SPORTS TRAUMATOLOGY ARTHROSCOPY;Sports Medicine;17682;Cases;[13-49];Not sport;.;Both;Not sport;Swedish National Knee Ligament Register;Health;Y;Kaplan-Meier;Kaplan-Meier estimation and Cox Regression;Yes;Yes;No;No;No;No;No;No;No;No;No;No;No;No;No;No;OK;Frequentist;SPSS;No;No;No;Yes;Yes;Yes;Yes;No;Yes;No;No;NA;Yes;Yes;Yes;Yes;Yes;;Derecha;No;No;No
6;Age alone does not affect the joint survivorship after arthroscopic partial meniscectomy for degenerative medial meniscus tears: a propensity-score matched survival analysis;To evaluate the effect of age itself on the joint survivorship after arthroscopic partial meniscectomy (APM) for degenerative medial meniscus tears (DMTs);.;N;Song, J. H., Bin, S. I., Kim, J. M., Lee, B. S., Park, J. G., & Lee, S. M. (2023).;Korea;2023;KNEE SURGERY SPORTS TRAUMATOLOGY ARTHROSCOPY;Sports Medicine;633;Cases;[41-77];Not sport;.;Both;Not sport;Not reported;Health;N;Kaplan-Meier;.;Yes;No;No;Yes;No;No;Yes;No;No;No;No;No;No;No;No;No;OK;Frequentist;R;No;No;No;Yes;Yes;Yes;Yes;No;Partial;No;No;No;Yes;Yes;Yes;NA;No;;Derecha;No;No;No
7;Age, rehabilitation and surgery characteristics are re-injury risk factors for adolescents following anterior cruciate ligament reconstruction;To examine the effect of age on post-ACLR rehabilitative outcomes;Identify surgical/rehabilitative characteristics as ACL re-injury risk factors in adolescents;N;Law, M. A., Ko, Y. A., Miller, A. L., Lauterbach, K. N., Hendley, C. L., Johnson, J. E., & Tsai, L. C. (2021).;USA;2021;PHYSICAL THERAPY IN SPORT;Sports Medicine;273;Adolescents;[10-19];Football, Basketball, American football, Softball, Baseball, Lacrosse, Volleyball, Gymnastics, Dance, Rugby and Fighting;Basketball;Both;Amateur;Children’s Healthcare of Atlanta;Health;Y;Cox Regression;Cox Regression and multivariate regression;No;Yes;No;No;No;No;No;No;No;No;No;No;No;No;No;No;OK;Frequentist;SAS and R;No;No;No;Yes;Yes;No;Yes;Yes;Partial;No;Yes;Yes;Yes;Yes;Yes;Yes;Yes;;Derecha;No;No;No
8;All-cause and disease-specific mortality among male, former elite athletes: an average 50-year follow-up;To investigate life expectancy and mortality among former elite athletes and controls;.;N;Kettunen, J. A., Kujala, U. M., Kaprio, J., Bäckmand, H., Peltonen, M., Eriksson, J. G., & Sarna, S. (2015).;Finland;2015;BRITISH JOURNAL OF SPORTS MEDICINE;Sports Medicine;4020;Former elite athletes;>=20;Power sports, Endurance sports and Team sports;Endurance;Male;Professional;National death registry of Finland;Health;Y;Cox proportional hazards models;.;Yes;Yes;No;No;No;No;No;No;No;No;No;No;No;No;No;No;OK;Frequentist;SPSS and STATA;No;No;No;Yes;Yes;No;Yes;No;Yes;No;No;Yes;Yes;Yes;Yes;No;Yes;;Derecha;No;No;No
9;An In-Depth Analysis of Graft Rupture and Contralateral Anterior Cruciate Ligament Rupture Rates After Pediatric Anterior Cruciate Ligament Reconstruction;To calculate rates of graft rupture and contralateral ACL rupture after ACLR in a large pediatric series.;.;N;DeFrancesco, C. J., Striano, B. M., Bram, J. T., Baldwin, K. D., & Ganley, T. J. (2020).;USA;2020;AMERICAN JOURNAL OF SPORTS MEDICINE;Sports Medicine;996;Pediatric patients;15.1;Not sport;.;Both;Not sport;Not reported;Health;Y;Kaplan-Meier;.;Yes;No;No;Yes;No;No;Yes;No;No;No;No;No;No;No;No;No;OK;Frequentist;STATA and Excel;No;No;No;Yes;Yes;No;Yes;No;Yes;No;No;NA;Yes;Yes;Yes;No;No;;Derecha;No;No;No
10;Articular cartilage paste graft for severe osteochondral lesions of the knee: a 10- to 23-year follow-up study;To evaluate the clinical outcomes of the articular cartilage paste graft procedure at a minimum of 10 years from surgery;.;N;Stone, K. R., Pelsis, J. R., Na, K., Walgenbach, A. W., & Turek, T. J. (2017).;USA;2017;KNEE SURGERY SPORTS TRAUMATOLOGY ARTHROSCOPY;Sports Medicine;74;Cases;[13-69];Not sport;.;Both;Not sport;Not reported;Health;Y;Kaplan-Meier;.;Yes;Yes;No;No;No;No;No;No;No;No;No;No;No;No;No;No;OK;Frequentist;Not reported;No;No;No;Yes;Yes;No;Yes;No;Yes;No;No;No;Yes;Yes;Yes;No;Yes;;Derecha;No;No;No
11;Association Between Meniscal Allograft Tears and Early Surgical Meniscal Allograft Failure;To evaluate the prevalence, types, and distribution of arthroscopically confirmed meniscal allograft tears;To evaluate the associated effect on surgical meniscal allograft survival;N;Winkler, P. W., Wagala, N. N., Hughes, J. D., Irrgang, J. J., Fu, F. H., & Musahl, V. (2021).;USA;2021;AMERICAN JOURNAL OF SPORTS MEDICINE;Sports Medicine;142;Cases;29.6;Not sport;.;Both;Not sport;Not reported;Health;Y;Kaplan-Meier;.;Yes;No;No;Yes;No;No;Yes;No;No;No;No;No;No;No;No;No;OK;Frequentist;SPSS;No;No;No;Yes;Yes;No;Yes;No;Yes;No;No;Yes;Yes;Yes;Yes;Yes;No;;Derecha;No;No;No
12;Association of Skeletal Maturity and Injury Risk in Elite Youth Soccer Players: A 4-Season Prospective Study With Survival Analysis;To prospectively investigate injury patterns and incidence in relation to skeletal maturity in elite youth academy soccer players;To determine the injury risks associated with the skeletal maturity status, both overall and to the lower limb apophysis;N;Materne, O., Chamari, K., Farooq, A., Weir, A., Hölmich, P., Bahr, R., Greig, M., & McNaughton, L. R. (2021).;Qatar;2021;ORTHOPAEDIC JOURNAL OF SPORTS MEDICINE;Sports Medicine;283;Elite youth soccer players;<19;Football;.;Male;Both;Not reported;Health;Y;Cox Regression;.;Yes;Yes;No;No;No;No;No;No;No;No;No;No;No;No;No;No;OK;Frequentist;STATA;No;No;No;Yes;Yes;No;Yes;No;Yes;No;No;No;Yes;Yes;Yes;Partial;Yes;;Derecha;No;No;No
13;Autologous Chondrocyte Implantation Sandwich Technique Compared With Autologous Bone Grafting for Deep Osteochondral Lesions in the Knee;To describe the autologous chondrocyte implantation (ACI) sandwich technique with autologous bone grafting (ABG) and compare it with ABG alone for restoration of the osteochondral unit;.;N;Minas, T., Ogura, T., Headrick, J., & Bryant, T. (2018).;USA;2018;AMERICAN JOURNAL OF SPORTS MEDICINE;Sports Medicine;24;Young Adults;Not reported;Not sport;.;Both;Not sport;Not reported;Health;Y;Wilcoxon;.;Yes;No;No;No;No;No;No;No;No;No;No;No;No;No;No;No;OK;Frequentist;STATA;No;No;No;Yes;Yes;No;Yes;No;Yes;No;No;No;Yes;No;No;No;No;;Derecha;No;No;No
14;Better Clinicoradiological Results of BST-CarGel Treatment in Cartilage Repair Compared With Microfracture in Acetabular Chondral Defects at 2 Years;To evaluate short-term clinicoradiological outcomes of patients treated arthroscopically for acetabular chondral defects with CarGel in conjunction with MF compared with those treated with MF alone;.;N;John, R., Ma, J., & Wong, I. (2020).;Canada;2020;AMERICAN JOURNAL OF SPORTS MEDICINE;Sports Medicine;80;Cases;Not reported;Not sport;.;Both;Not sport;Not reported;Health;N;Survival analysis (no especifiquen);.;No;No;Yes;No;No;No;No;No;No;No;No;No;No;No;No;No;OK;Frequentist;Minitab;No;No;No;Yes;Yes;No;Yes;No;Partial;No;No;No;Yes;No;No;NA;No;;Derecha;No;No;No
15;Can parallel use of different running shoes decrease running-related injury risk?;To determine if runners who use concomitantly different pairs of running shoes are at a lower risk of running-related injury;.;N;Malisoux, L., Ramesh, J., Mann, R., Seil, R., Urhausen, A., & Theisen, D. (2015).;Luxembourg;2015;SCANDINAVIAN JOURNAL OF MEDICINE & SCIENCE IN SPORTS;Sports Medicine;264;Recreational runners;Not reported;Running;.;Both;Amateur;Not reported;Health;Y;Cox Regression;.;No;Yes;No;No;No;No;No;No;No;No;No;No;No;No;No;No;OK;Frequentist;Not reported;No;No;No;Yes;Yes;No;Yes;No;Yes;No;No;No;Yes;No;No;Yes;Yes;;Derecha;No;No;No
16;Cartilage survival of the knee strongly depends on malalignment: a survival analysis from the Osteoarthritis Initiative (OAI);To establish a timeline of cartilage survival rate per subregion of the knee in relation to mechanical alignment of the lower extremity;.;N;Faschingbauer, M., Kasparek, M., Waldstein, W., Schadler, P., Reichel, H., & Boettner, F. (2020).;USA;2020;KNEE SURGERY SPORTS TRAUMATOLOGY ARTHROSCOPY;Sports Medicine;458;Cases;[45-79];Not sport;.;Both;Not sport;Osteoarthritis Initiative (OAI);Health;Y;Kaplan-Meier;.;Yes;No;No;Yes;No;No;Yes;No;No;No;No;No;No;No;No;No;OK;Frequentist;SPSS;No;No;No;Yes;Yes;Yes;Yes;No;Yes;No;No;No;Yes;No;Yes;No;No;;Derecha;No;No;No
17;Clinical Outcomes of Hip Arthroscopic Surgery: A Prospective Survival Analysis of Primary and Revision Surgeries in a Large Mixed Cohort;To perform a survival analysis in a large mixed cohort of patients undergoing hip arthroscopic surgery at a high-volume tertiary referral center for hip preservation with a minimum 2-year follow-up;To compare clinical outcomes of primary versus revision hip arthroscopic surgery;N;Domb, B. G., Gui, C., Hutchinson, M. R., Nho, S. J., Terry, M. A., & Lodhia, P. (2016).;USA;2016;AMERICAN JOURNAL OF SPORTS MEDICINE;Sports Medicine;1155;Cases;Not reported;Not sport;.;Both;Not sport;Not reported;Health;N;Survival analysis (no especifiquen);.;No;No;No;No;No;No;No;No;No;No;No;No;Yes;No;Yes;No;OK;Frequentist;Not reported;No;No;No;Yes;Yes;No;Partial;No;No;No;Yes;NA;Yes;No;No;NA;Yes;;Derecha;No;No;No
18;Clinical, Radiographic, and MRI Evaluation of All-Inside Medial Meniscus Posterior Root Repair via Suture Fixation to the Posterior Cruciate Ligament Versus Partial Meniscectomy: Results at 3-Year Follow-up;To compare the clinical, radiographic, and magnetic resonance imaging (MRI) outcomes of patients with MMPRT between trans-posterior cruciate ligament (trans-PCL) all-inside repair and partial meniscectomy;.;N;Su J, Wan H, Pang Y, Lu Y, Liang J, Yan Z, Xu S, Sun T. (2023);China;2023;ORTHOPAEDIC JOURNAL OF SPORTS MEDICINE;Sports Medicine;60;Cases;Not reported;Not sport;.;Both;Not sport;Not reported;Health;Y;Kaplan-Meier;.;Yes;No;No;Yes;No;No;Yes;No;No;No;No;No;No;No;No;No;OK;Frequentist;SPSS;No;No;No;Yes;Yes;No;Yes;No;Partial;No;No;No;Yes;Yes;Yes;No;No;;Derecha;No;No;No
19;Combined ACL and ALL reconstruction reduces the rate of reoperation for graft failure or secondary meniscal lesions in young athletes;To evaluate the link between ACL reconstruction with and without anterolateral ligament (ALL) reconstruction and outcomes in young patients participating in pivoting sports;.;N;Laboudie, P., Douiri, A., Bouguennec, N., Biset, A., & Graveleau, N. (2022);France;2022;KNEE SURGERY SPORTS TRAUMATOLOGY ARTHROSCOPY;Sports Medicine;203;Cases;<20;Pivoting sports;.;Both;Both;Not reported;Sports Performance Analysis;Y;Kaplan-Meier;Kaplan–Meier survival curves and Cox Regression;Yes;Yes;No;Yes;No;No;Yes;No;No;No;No;No;No;No;No;No;OK;Frequentist;SPSS;No;No;No;Yes;Yes;No;Yes;No;Partial;No;No;NA;Yes;Yes;Yes;Yes;Yes;;Derecha;No;No;No
20;Community-Level Sports Group Participation and the Risk of Cognitive Impairment;To investigate the contextual effect of community-level prevalence of sports group participation on the risk of cognitive impairment among older individuals;.;N;Tsuji, T., Kanamori, S., Miyaguni, Y., Hanazato, M., & Kondo, K. (2019);Japan;2019;MEDICINE AND SCIENCE IN SPORTS AND EXERCISE;Sports Medicine;40308;Older patients;Not reported;Not sport;.;Both;Amateur;Japan Gerontological Evaluation Study (JAGES);Health;Y;Two-level multilevel survival analysis;.;No;Yes;No;No;No;No;No;Yes;No;No;No;No;No;No;No;No;OK;Frequentist;Not reported;No;No;No;Yes;Yes;No;Yes;No;Yes;No;No;No;Yes;No;No;Yes;Yes;;Derecha;No;Yes;No
21;Comparable clinical outcome and implant longevity after CT- or MRI-based patient-specific instruments for total knee arthroplasty: a 2-year follow-up of a RCT; To assess differences in revision rate and clinical outcome between the two groups at 2-year follow-up;.;N;Thijs, E., Theeuwen, D., Boonen, B., van Haaren, E., Hendrickx, R., Vos, R., Borghans, R., Kort, N., & Schotanus, M. G. M. (2020);The Netherlands;2020;KNEE SURGERY SPORTS TRAUMATOLOGY ARTHROSCOPY;Sports Medicine;124;Cases;Not reported;Not sport;.;Both;Not sport;Not reported;Health;N;Survival analysis;.;No;No;Yes;No;No;No;No;No;No;No;No;No;No;No;No;No;OK;Frequentist;SPSS;No;No;No;Yes;Yes;No;Yes;No;No;No;No;No;Partial;No;No;NA;No;;Derecha;No;No;No
22;Concussion is not associated with elevated rates of lower-extremity musculoskeletal injuries in National Football League Players;To assess the odds of post-concussion MSK injury utilizing publicly available National Football League (NFL) injury reports;.;N;Buckley, T. A., Browne, S., Hunzinger, K. J., Kaminski, T. W., & Swanik, C. B. (2023);USA;2023;PHYSICIAN AND SPORTSMEDICINE;Sports Medicine;322;American football players;26.7;American football;.;Male;Professional;NFL injury reports;Sports Performance Analysis;Y;Conditional logistic regression;.;No;Yes;No;No;No;No;No;No;No;No;No;No;No;No;No;No;OK;Frequentist;SAS;No;No;No;Yes;Yes;No;Yes;No;No;No;No;NA;Partial;No;No;No;Yes;;Derecha;No;No;No
23;Debridement and hinged motion distraction is superior to debridement alone in patients with ankle osteoarthritis: a prospective randomized controlled trial;To evaluate and compare complication rates and postoperative outcomes in patients with ankle debridement alone vs. debridement and hinged ankle distraction arthroplasty;.;N;Herrera-Perez, M., Alrashidi, Y., Galhoum, A. E., Kahn, T. L., Valderrabano, V., & Barg, A. (2019).;Spain;2019;KNEE SURGERY SPORTS TRAUMATOLOGY ARTHROSCOPY;Sports Medicine;50;Cases;Not reported;Not sport;.;Both;Not sport;Not reported;Health;Y;Kaplan-Meier;.;Yes;No;No;No;No;No;No;No;No;No;No;No;No;No;No;No;OK;Frequentist;SPSS and SigmaPlot;No;No;No;Yes;Yes;No;Yes;No;Partial;No;No;No;Yes;Yes;No;No;No;;Derecha;No;No;No
24;Determining the Time Required to Achieve Clinically Significant Outcomes on the PROMIS Upper Extremity Questionnaire After Arthroscopic Rotator Cuff Repair;To determine the time required to achieve the minimal clinically important difference (MCID), substantial clinical benefit (SCB), and Patient Acceptable Symptom State (PASS) score thresholds after RCR for the PROMIS-UE questionnaire;Identify patient factors associated with earlier or delayed achievement of these clinical benchmarks;N;Polce, E. M., Vadhera, A. S., Fu, M. C., Singh, H., Haunschild, E. D., Garrigues, G. E., Yanke, A. B., Forsythe, B., Cole, B. J., & Verma, N. N. (2023).;USA;2023;ORTHOPAEDIC JOURNAL OF SPORTS MEDICINE;Sports Medicine;105;Cases;Not reported;Not sport;.;Both;Not sport;Not reported;Health;Y;Kaplan-Meier;.;Yes;No;No;No;No;No;No;No;No;No;No;No;No;No;No;No;OK;Frequentist;R;No;No;No;Yes;Yes;No;Yes;No;Partial;Yes;Yes;No;Yes;Yes;No;Yes;Yes;;Interval;No;No;No
25;Does Age Influence the Risk of Incident Knee Osteoarthritis After a Traumatic Anterior Cruciate Ligament Injury?;To identify whether an older adult population had an increased risk of incident radiographic knee OA after a traumatic knee injury compared with a young adult population;.;N;Johnson, V. L., Roe, J. P., Salmon, L. J., Pinczewski, L. A., & Hunter, D. J. (2016).;Australia;2016;AMERICAN JOURNAL OF SPORTS MEDICINE;Sports Medicine;215;Cases;Not reported;High-impact sports;.;Both;Not sport;Not reported;Health;Y;Kaplan-Meier;.;Yes;No;No;No;No;Yes;Yes;No;No;No;No;No;No;No;No;No;OK;Frequentist;SPSS;No;No;No;Yes;Yes;No;Yes;No;Yes;No;No;No;Yes;Yes;Yes;No;No;;Derecha;No;No;No
26;Does lucency equate to revision? A five-year retrospective review of Attune and Triathlon total knee arthroplasty;To compare the incidence of radiolucent lines, survivorship and patient reported outcome-measures between the Attune® system and the well-established Triathlon® system;.;N;O'Donovan, P., McAleese, T., & Harty, J. (2023).;Ireland;2023;KNEE SURGERY SPORTS TRAUMATOLOGY ARTHROSCOPY;Sports Medicine;730;Cases;Not reported;Not sport;.;Both;Not sport;Not reported;Health;Y;Kaplan-Meier;Kaplan-Meier analysis with Log Rank method. Also a Kruskal-Wallis Test comparison;Yes;Yes;No;Yes;No;No;Yes;No;No;No;No;No;No;No;No;No;OK;Frequentist;SPSS;No;No;No;Yes;Yes;No;Yes;No;Yes;No;No;NA;Yes;Yes;Yes;No;No;;Derecha;No;No;No
27;Double-bundle non-anatomic ACL revision reconstruction with allograft resulted in a low revision rate at 10 years;Reporting the long-term second revision rate and subjective clinical outcomes from a cohort of patients who underwent a double-bundle (DB) ACLR first revision with allograft at a single institution;.;N;Macchiarola, L., Pizza, N., Patania, V., Grassi, A., Dal Fabbro, G., Marcacci, M., & Zaffagnini, S. (2023).;Italy;2023;KNEE SURGERY SPORTS TRAUMATOLOGY ARTHROSCOPY;Sports Medicine;81;Cases;>=18;Not sport;.;Both;Not sport;Not reported;Health;Y;Kaplan-Meier;.;Yes;No;No;No;No;No;No;No;No;No;No;No;No;No;No;No;OK;Frequentist;MedCalc;No;No;No;Yes;Yes;No;Yes;No;Partial;No;No;NA;Yes;Yes;Partial;Partial;No;;Derecha;No;No;No
28;Early ACLR and Risk and Timing of Secondary Meniscal Injury Compared With Delayed ACLR or Nonoperative Treatment: A Time-to-Event Analysis Using Machine Learning;To compare risk and timing of secondary meniscal injury between patients receiving nonoperative management, delayed ACL reconstruction (ACLR), and early ACLR using a machine learning survival analysis;.;Y;Lu, Y., Jurgensmeier, K., Till, S. E., Reinholz, A., Saris, D. B. F., Camp, C. L., & Krych, A. J. (2022).;USA;2022;AMERICAN JOURNAL OF SPORTS MEDICINE;Sports Medicine;1663;Cases;<=40;Not sport;.;Both;Not sport;Rochester Epidemiology Project (REP);Health;Y;Kaplan-Meier;Machine learning survival analysis with random survival forest algorithms (machine learning);Yes;Yes;No;No;No;No;No;No;No;No;Yes;No;No;No;No;No;OK;Frequentist;R;No;No;No;Yes;Yes;No;Yes;No;Yes;No;No;NA;Yes;Yes;Yes;Yes;Yes;;Derecha;No;No;No
29;Effect of Graft Choice on Revision and Contralateral Anterior Cruciate Ligament Reconstruction: Results From the New Zealand ACL Registry;To clarify the association between graft choice and the risk of revision and contralateral ACL reconstruction;.;N;Rahardja, R., Zhu, M., Love, H., Clatworthy, M. G., Monk, A. P., & Young, S. W. (2020).;New Zealand;2020;AMERICAN JOURNAL OF SPORTS MEDICINE;Sports Medicine;7155;Cases;Not reported;Not sport;.;Both;Not sport;New Zealand ACL Registry;Health;Y;Cox Regression;Cox Regression Survival Analysis;Yes;Yes;No;No;No;No;No;No;No;No;No;No;No;No;No;No;OK;Frequentist;SPSS;No;No;No;Yes;Yes;No;Yes;Yes;Yes;No;No;NA;Yes;Yes;Yes;Yes;Yes;;Derecha;No;No;No
30;Effect of High Body Mass Index on Survivorship After Lateral Meniscal Allograft Transplantation: A Propensity Score Matching Analysis;To investigate the impact of preoperative body mass index (BMI) on the survivorship of lateral meniscal allograft transplantation (MAT);.;N;Lee, J., Bin, S. I., Kim, J. M., Lee, B. S., Jeon, T., Bae, K., & Kim, D. (2023).;Korea;2023;AMERICAN JOURNAL OF SPORTS MEDICINE;Sports Medicine;306;Cases;33.2;Not sport;.;Both;Not sport;Not reported;Health;Y;Kaplan-Meier;.;Yes;No;No;Yes;No;No;Yes;No;No;No;No;No;No;No;No;No;OK;Frequentist;SPSS;No;No;No;Yes;Yes;No;Yes;No;Yes;No;No;No;Yes;Yes;Yes;Yes;No;;Derecha;No;No;No
31;Effect of ICRS Lesion Grade on Graft Survival After Medial Meniscal Allograft Transplantation: MRI-Based Objective Evaluation;To investigate the prognostic factors and survival rate of allograft after medial MAT;.;N;Lee, S. J., Bin, S. I., Kim, J. M., Lee, B. S., Kim, S. M., & Lee, H. Y. (2022).;Korea;2022;AMERICAN JOURNAL OF SPORTS MEDICINE;Sports Medicine;78;Cases;34.96;Not sport;.;Both;Not sport;Not reported;Health;Y;Kaplan-Meier;.;Yes;Yes;No;Yes;No;No;Yes;No;No;No;No;No;No;No;No;No;OK;Frequentist;SPSS;No;No;No;Yes;Yes;No;Yes;No;Yes;No;No;No;Yes;Yes;Yes;Yes;Yes;;Derecha;No;No;No
32;Effect of Insurance Reimbursement Status on Pre- and Postoperative Patient-Reported Outcomes Measurement Information System (PROMIS) Scores After Arthroscopic Rotator Cuff Repair;To investigate the influence of insurance reimbursement status on patient-reported outcomes after arthroscopic rotator cuff repair;.;N;Anderson, D. E., Shaikh, H. J. F., Chait, A. R., Ramirez, G., Bronstein, R. D., Goldblatt, J. P., Giordano, B. D., Maloney, M. D., Nicandri, G. T., Voloshin, I., & Mannava, S. (2023).;USA;2023;AMERICAN JOURNAL OF SPORTS MEDICINE;Sports Medicine;1252;Cases;Not reported;Not sport;.;Both;Not sport;Not reported;Health;Y;Cox proportional hazards model;Mixed linear regression models and Cox proportional hazards model.;No;Yes;No;No;No;No;No;No;No;No;No;No;No;No;No;No;OK;Frequentist;STATA;No;No;No;Yes;Yes;No;Yes;Yes;No;No;Yes;No;Yes;Yes;No;Yes;No;;Derecha;No;No;No
33;Effect of Osteochondroplasty on Time to Reoperation After Arthroscopic Management of Femoroacetabular Impingement: Analysis of a Randomized Controlled Trial;To compare the effect of arthroscopic osteochondroplasty with or without labral repair versus arthroscopic lavage with or without labral repair on the time to reoperation in adults aged 18 to 50 years with FAI;.;N;Kay, J., Simunovic, N., Ayeni, O. R., FIRST Investigators, Bhandari, M., Bedi, A., Järvinen, T., Musahl, V., Naudie, D., Seppänen, M., Slobogean, G., Thabane, L., Duong, A., Skelly, M., Shanmugaraj, A., Crouch, S., Sprague, S., Heels-Ansdell, D., Buckingham, L., Ramsay, T., … Pirjetta Routapohja, M. (2022).;Canada, Denmark and Finland;2022;ORTHOPAEDIC JOURNAL OF SPORTS MEDICINE;Sports Medicine;214;Cases;[18-50];Not sport;.;Both;Not sport;Multinational Femoroacetabular Impingement Randomized controlled Trial;Health;Y;Cox proportional hazards model;.;Yes;Yes;No;No;No;No;No;No;No;No;No;No;No;No;No;No;OK;Frequentist;SAS;No;No;No;Yes;Yes;Yes;Yes;Yes;No;Yes;No;NA;Yes;Yes;Yes;Yes;Yes;;Derecha;No;No;No
34;Effect of Tibiofemoral Rotation Angle on Graft Failure After Anterior Cruciate Ligament Reconstruction;To evaluate whether increased tibiofemoral rotational malalignment, namely, tibiofemoral rotation angle (TFA) and tibial tubercle-trochlear groove (TT-TG) distance, is associated with graft failure after ACLR;.;N;Leite, C. B. G., Merkely, G., Farina, E. M., Smith, R., Görtz, S., Hazzard, S., Asnis, P., & Lattermann, C. (2023).;USA;2023;AMERICAN JOURNAL OF SPORTS MEDICINE;Sports Medicine;302;Cases;[13-59];Not sport;.;Both;Not sport;Not reported;Health;Y;Kaplan-Meier;.;Yes;No;No;Yes;No;No;Yes;No;No;No;No;No;No;No;No;No;OK;Frequentist;SPSS;No;No;No;Yes;Yes;No;Yes;No;No;No;No;No;Yes;Yes;Yes;No;Yes;;Derecha;No;No;No
35;Effectiveness of an 18-week general strength and foam-rolling intervention on running-related injuries in recreational runners;To evaluate effectiveness of an 18-week general strength and foam-rolling intervention on the incidence of running-related injuries;.;N;Desai, P., Jungmalm, J., Börjesson, M., Karlsson, J., & Grau, S. (2023).;Sweden;2023;SCANDINAVIAN JOURNAL OF MEDICINE & SCIENCE IN SPORTS;Sports Medicine;433;Recreational runners;[21-55];Running;.;Both;Amateur;Gothenburg Half Marathon Association;Health;Y;Cox proportional hazards model;.;Yes;Yes;No;Yes;No;No;Yes;No;No;No;No;No;No;No;No;No;OK;Frequentist;SPSS;No;Yes;No;Yes;Yes;Yes;Yes;Yes;Yes;No;No;NA;Yes;Yes;Yes;No;Yes;;Derecha;No;No;No
36;Epidemiology of Ankle Sprains and the Risk of Separation From Service in US Army Soldiers;To report the incidence rate of ankle sprains in active-duty soldiers;To examine if soldiers who sustain ankle sprain injuries are more likely to leave the Army than those who do not sustain an ankle sprain;N;Bulathsinhala, L., Hill, O. T., Scofield, D. E., Haley, T. F., & Kardouni, J. R. (2015).;USA;2015;ORTHOPAEDIC JOURNAL OF SPORTS MEDICINE;Sports Medicine;926324;Soldiers;>=17;Army;.;Both;Professional;US Army population;Health;Y;Cox proportional hazards model;Semi-parametric Cox proportional hazard model and Kaplan-Meier Curves;Yes;Yes;No;Yes;No;No;Yes;No;No;No;No;No;No;No;No;No;OK;Frequentist;SAS;No;No;No;Yes;Yes;Yes;Yes;Yes;No;No;No;No;Yes;Yes;Yes;Partial;Yes;;Derecha;No;No;Yes
37;Excellent 10-year patient-reported outcomes and survival in a single-radius, cruciate-retaining total knee arthroplasty;To report the 10-year survival and patient-reported outcome of the Triathlon TKA in a single independent centre;.;N;Scott, C. E. H., Bell, K. R., Ng, R. T., MacDonald, D. J., Patton, J. T., & Burnett, R. (2019).;UK;2019;KNEE SURGERY SPORTS TRAUMATOLOGY ARTHROSCOPY;Sports Medicine;462;Cases;[21-89];Not sport;.;Both;Not sport;Not reported;Health;Y;Kaplan-Meier;.;Yes;No;No;No;No;No;No;No;No;No;No;No;No;No;No;No;OK;Frequentist;SPSS;No;No;No;Yes;Yes;No;Yes;No;Yes;Yes;No;NA;Yes;Yes;No;No;No;;Derecha;No;No;No
38;Favorable long-term clinical and radiologic outcomes with high survivorship after autologous osteochondral transplantation of the talus;To evaluate long-term clinical and radiologic outcomes of patients undergoing autologous osteochondral transplantation (AOT) for osteochondral lesions of the talus (OLT);To perform a correlation analysis between clinical and radiologic outcomes;N;Winkler, P. W., Geyer, S., Walzl, D., Woertler, K., Paul, J., Siebenlist, S., Imhoff, A. B., & Achtnich, A. (2023).;Germany;2023;KNEE SURGERY SPORTS TRAUMATOLOGY ARTHROSCOPY;Sports Medicine;35;Cases;Not reported;Not sport;.;Both;Not sport;Not reported;Health;Y;Kaplan-Meier;.;Yes;No;No;No;No;No;No;No;No;No;No;No;No;No;No;No;OK;Frequentist;SPSS;No;No;No;Yes;Yes;No;Yes;No;Yes;No;No;NA;Yes;No;No;No;No;;Derecha;No;No;No
39;Femoral Neck Stress Fracture: Can MRI Grade Help Predict Return-to-Running Time?;To determine if the grade of femoral neck stress fractures based on magnetic resonance imaging (MRI) characteristics correlates with RTR time;.;N;Ramey, L. N., McInnis, K. C., & Palmer, W. E. (2016).;USA;2016;AMERICAN JOURNAL OF SPORTS MEDICINE;Sports Medicine;27;Cases;[18-51];Running;.;Both;Amateur;Not reported;Health;Y;Cox proportional hazards model;Cox proportional hazards model and Cox Regression;Yes;Yes;No;Yes;No;No;Yes;No;No;No;No;No;No;No;No;No;OK;Frequentist;R;No;No;No;Yes;Yes;No;Yes;No;Partial;No;No;No;Yes;Yes;Yes;Yes;Yes;;Derecha;No;No;No
40;Fighting to the death: Does hockey fighting in the NHL affect players' longevity?;We sought to investigate if players' involvement in hockey fights throughout their career was associated with shorter life spans;.;N;Goldschmied, N., Lambrecht, J., Castro, A., & Langton, H. (2023);USA;2023;SCANDINAVIAN JOURNAL OF MEDICINE & SCIENCE IN SPORTS;Sports Medicine;388;Hockey players;[68-90;Hockey;.;Male;Professional;National Hockey League;Sports Performance Analysis;Y;Kaplan-Meier;Kaplan-Meier survival analysis log-rank method and Cox regression;Yes;Yes;No;Yes;No;No;Yes;No;No;No;No;No;No;No;No;No;OK;Frequentist;SPSS;No;Yes;No;Yes;Yes;Partial;Yes;Yes;No;No;No;No;Yes;No;No;Yes;No;;Derecha;No;No;No
41;Foot Core Training to Prevent Running-Related Injuries: A Survival Analysis of a Single-Blind, Randomized Controlled Trial;To investigate the efficacy of a novel foot core strengthening protocol based on a ground-up approach to reduce the incidence of RRIs in recreational long-distance runners over the course of a 1-year follow-up;.;Y;Taddei, U. T., Matias, A. B., Duarte, M., & Sacco, I. C. N. (2020).;Brazil;2020;AMERICAN JOURNAL OF SPORTS MEDICINE;Sports Medicine;118;Recreational Runners;[18-55];Running;.;Both;Amateur;NCT02306148 (ClinicalTrials.gov identifier);Health;Y;Kaplan-Meier;Kaplan-Meier with log-rank and cox regression analysis;Yes;Yes;No;Yes;No;No;Yes;No;No;No;No;No;No;No;No;No;OK;Frequentist;Clinstat;No;No;No;Yes;Yes;Yes;Yes;Yes;Yes;No;Yes;NA;Yes;No;No;Yes;Yes;;Derecha;No;No;No
42;Gait retraining and incidence of medial tibial stress syndrome in army recruits;To examine the effect of a gait-retraining program on medial tibial stress syndrome incidence during a 26-wk basic military training regimen;.;N;Sharma, J., Weston, M., Batterham, A. M., & Spears, I. R. (2014).;UK;2014;MEDICINE AND SCIENCE IN SPORTS AND EXERCISE;Sports Medicine;450;Army Recruits;>=16;Army;.;Both;Professional;Not reported;Health;Y;Cox Regression;.;No;Yes;No;No;No;No;No;No;No;No;No;No;No;No;No;No;OK;Frequentist;SPSS and STATA;No;No;No;Yes;Yes;No;Yes;Yes;Partial;No;Yes;NA;Yes;Yes;No;Yes;Yes;;Derecha;No;No;No
43;Good survivorship of all-polyethylene tibial component UKA at long-term follow-up;To determine the long-term survival rate of an all-polyethylene tibial unicompartmental knee arthroplasty (UKA) in a large series of consecutive patients and to investigate the possible factors that could influence the outcome;.;N;Bruni, D., Gagliardi, M., Akkawi, I., Raspugli, G. F., Bignozzi, S., Marko, T., Bragonzoni, L., Grassi, A., & Marcacci, M. (2016).;Italy;2016;KNEE SURGERY SPORTS TRAUMATOLOGY ARTHROSCOPY;Sports Medicine;273;Cases;Not reported;Not sport;.;Both;Not sport;Not reported;Health;N;Kaplan-Meier;.;Yes;No;No;Yes;No;No;Yes;No;No;No;No;No;No;No;No;No;OK;Frequentist;SPSS;No;No;No;Yes;Yes;No;Yes;No;Yes;No;No;NA;Yes;Yes;Yes;NA;No;;Derecha;No;No;No
44;Hazard of Arm Injury in Professional Starting and Relief Pitchers;To investigate differences between professional baseball starting and relief pitchers in the hazard of arm injury and elbow and shoulder injury;.;N;Bullock, G. S., Thigpen, C. A., Collins, G. S., Arden, N. K., Noonan, T. K., Kissenberth, M. J., & Shanley, E. (2022).;USA;2022;JOURNAL OF ATHLETIC TRAINING;Sports Medicine;297;Pitchers;23;Baseball;.;Male;Professional;Minor League Baseball (MiLB);Sports Performance Analysis;Y;Cox proportional hazards model;.;No;Yes;No;No;No;No;No;No;No;No;No;No;No;No;No;No;OK;Frequentist;R;Yes;No;No;Yes;Yes;No;Yes;Partial;Partial;No;No;NA;Yes;Yes;Yes;Yes;Yes;;Derecha;No;No;No
45;Hermes patellofemoral arthroplasty: Annual revision rate and clinical results after two to 20?years of follow-up;To determine the revision rate of the Hermes™ (Ceraver) anatomical unconstrained PFA;.;N;Bohu, Y., Klouche, S., Sezer, H. B., Gerometta, A., Lefevre, N., & Herman, S. (2019).;France;2019;THE KNEE;Sports Medicine;64;Cases;[31.3-82.1];Not sport;.;Both;Not sport;Not reported;Health;N;Survival analysis;.;Yes;No;No;Yes;No;No;Yes;No;No;No;No;No;No;No;No;No;OK;Frequentist;STATA;No;No;No;Yes;Yes;No;Yes;No;Partial;No;No;No;Yes;Yes;Yes;NA;No;;Derecha;No;No;No
46;High patient satisfaction with significant improvement in knee function and pain relief after mid-term follow-up in patients with isolated patellofemoral inlay arthroplasty;To prospectively evaluate the clinical and radiographic outcomes and survivorship at 2 and 5 years after isolated contemporary patellofemoral inlay arthroplasty;.;N;Imhoff, A. B., Feucht, M. J., Bartsch, E., Cotic, M., & Pogorzelski, J. (2019);Germany;2019;KNEE SURGERY SPORTS TRAUMATOLOGY ARTHROSCOPY;Sports Medicine;34;Cases;Not reported;Not sport;.;Both;Not sport;Not reported;Health;Y;Kaplan-Meier;.;Yes;No;No;No;No;No;No;No;No;No;No;No;No;No;No;No;OK;Frequentist;SPSS;No;No;No;Yes;Yes;No;Yes;No;Partial;No;No;NA;Yes;NA;NA;No;No;;Derecha;No;No;No
47;High survival rate at mid-term follow up of porous tantalum cones for bone defects in revision total knee replacement: A 3-11 years follow up report;To evaluate outcomes, including complications and re-operations, radiographic assessment of cones osteointegration, and survivorship;.;N;Rossi, S. M. P., Perticarini, L., Ghiara, M., Jannelli, E., Cortesi, L., & Benazzo, F. (2022).;Italy;2022;THE KNEE;Sports Medicine;101;Cases;[52-80];Not sport;.;Both;Not sport;Not reported;Health;Y;Kaplan-Meier;.;Yes;No;No;No;No;No;No;No;No;No;No;No;No;No;No;No;OK;Frequentist;MedCalc and Excel;No;No;No;Yes;Yes;No;Yes;No;Yes;No;No;NA;Yes;NA;NA;No;No;;Derecha;No;No;No
48;Higher risk of contralateral anterior cruciate ligament (ACL) injury within 2 years after ACL reconstruction in under-18-year-old patients with steep tibial plateau slope;To assess the role of Tibial Plateau Slope (TPS) as risk factor for early Anterior Cruciate Ligament (ACL) reconstruction failure and contralateral ACL injury in a population of patients with less than 18 years of age and operated on with the same surgical technique;.;N;Grassi, A., Pizza, N., Zambon Bertoja, J., Macchiarola, L., Lucidi, G. A., Dal Fabbro, G., & Zaffagnini, S. (2021).;Italy;2021;KNEE SURGERY SPORTS TRAUMATOLOGY ARTHROSCOPY;Sports Medicine;94;Cases;<18;Not sport;.;Both;Not sport;Not reported;Health;Y;Multivariate analysis;.;Yes;No;No;Yes;No;No;Yes;No;No;No;No;No;No;No;No;No;OK;Frequentist;MedCalc;No;No;No;Yes;Partial;No;Yes;No;Partial;No;Yes;NA;Yes;Yes;Yes;Yes;Yes;;Derecha;No;No;No
49;How Long Does It Take to Achieve Clinically Significant Outcomes After Isolated Biceps Tenodesis?;To define the time-dependent nature of minimal clinically important difference (MCID), substantial clinical benefit (SCB), and Patient Acceptable Symptom State (PASS) achievement after isolated BT;.;N;Lu, Y., Agarwalla, A., Lavoie-Gagne, O., Patel, B. H., Beletsky, A., Nwachukwu, B. U., Verma, N. N., Cole, B. J., & Forsythe, B. (2022).;USA;2022;ORTHOPAEDIC JOURNAL OF SPORTS MEDICINE;Sports Medicine;190;Cases;Not reported;Not sport;.;Both;Not sport;Not reported;Health;Y;Kaplan-Meier;.;Yes;No;No;No;No;No;No;No;No;No;No;Yes;No;No;No;No;OK;Frequentist;R;No;No;No;Yes;Yes;Yes;Yes;No;Partial;No;Yes;Yes;Yes;Yes;Yes;Yes;Yes;;Interval;No;No;No
50;How much is enough in rehabilitation? High running workloads following lower limb muscle injury delay return to play but protect against subsequent injury;To examine the influence of rehabilitation training loads on return to play (RTP) time and subsequent injury in elite Australian footballers;.;N;Stares, J., Dawson, B., Peeling, P., Drew, M., Heasman, J., Rogalski, B., & Colby, M. (2018).;Australia;2018;JOURNAL OF SCIENCE AND MEDICINE IN SPORT;Sports Medicine;85;Australian football players;Not reported;Australian football;.;Male;Professional;Not reported;Sports Performance Analysis;N;Survival analysis;.;Yes;No;No;No;No;No;No;Yes;No;No;No;No;No;No;No;No;OK;Frequentist;STATA;No;No;No;Yes;Yes;Partial;Yes;Yes;No;No;No;Yes;Yes;No;No;NA;Yes;;Derecha;No;Yes;No
51;Hyaluronic scaffold transplantation with bone marrow concentrate for the treatment of osteochondral lesions of the talus: durable results up to a minimum of 10 years;To evaluate the long-term clinical results of the transplantation of a hyaluronic acid membrane augmented with bone marrow aspirate concentrate (BMAC) in an one-step technique for the treatment of patients affected by osteochondral lesions of the talus (OLT);.;N;Vannini, F., Berveglieri, L., Boffa, A., Filardo, G., Viglione, V., Buda, R., Giannini, S., & Faldini, C. (2023).;Italy;2023;KNEE SURGERY SPORTS TRAUMATOLOGY ARTHROSCOPY;Sports Medicine;101;Cases;32.9;Not sport;.;Both;Not sport;Not reported;Health;Y;Kaplan-Meier;.;Yes;No;No;No;No;No;No;No;No;No;No;No;No;No;No;No;OK;Frequentist;SPSS;No;Yes;No;Yes;Yes;No;Yes;Yes;Partial;No;No;NA;Yes;NA;NA;No;No;;Derecha;No;No;No
52;Incidence of and Factors Associated With the Decision to Undergo Anterior Cruciate Ligament Reconstruction 1 to 10 Years After Injury;To define the rate of delayed ACL reconstruction (between 1 and 10 years after injury) in a population-based cohort of isolated ACL tears;To evaluate predictive factors associated with delayed reconstruction;N;Sanders, T. L., Maradit Kremers, H., Bryan, A. J., Kremers, W. K., Levy, B. A., Dahm, D. L., Stuart, M. J., & Krych, A. J. (2016).;USA;2016;AMERICAN JOURNAL OF SPORTS MEDICINE;Sports Medicine;1841;Cases;[17-55];Not sport;.;Both;Not sport;Rochester Epidemiology Project (REP);Health;Y;Cox proportional hazards model;.;Yes;Yes;No;No;No;No;No;No;No;No;No;No;No;No;No;No;OK;Frequentist;Not reported;No;No;No;Yes;Yes;Yes;Yes;No;Yes;Yes;Yes;No;Yes;Yes;Yes;Yes;Yes;;Derecha;No;No;No
53;Increased risk of reoperation and failure to attain clinically relevant improvement following autologous chondrocyte implantation of the knee in female patients and individuals with previous surgeries: a time-to-event analysis based on the German cartilage registry (KnorpelRegister DGOU);To analyze the risk of reoperation following autologous chondrocyte implantation (ACI) of the knee utilizing third-generation ACI products in a time-to-event analysis;Report on the associated patient-reported outcome measures (PROM) in case of reoperation;N;Bumberger, A., Rupp, M. C., Lattermann, C., Kleiner, A., & Niemeyer, P. (2023).;Germany;2023;KNEE SURGERY SPORTS TRAUMATOLOGY ARTHROSCOPY;Sports Medicine;2039;Cases;Not reported;Not sport;.;Both;Not sport;German Cartilage Registry (KnorpelRegister DGOU);Health;Y;Cox proportional hazards model;.;No;Yes;No;No;No;No;No;No;No;No;No;No;No;No;No;No;OK;Frequentist;Prism 9 (GraphPad Software);Yes;Yes;No;Yes;Yes;No;Yes;Yes;Yes;No;No;NA;Yes;Yes;Yes;Yes;Yes;;Derecha;No;No;No
54;Increases in physical activity is as important as smoking cessation for reduction in total mortality in elderly men: 12?years of follow-up of the Oslo II study;Determine the relationships between PA, smoking and 12-year CV, non-CV and all-cause mortality in elderly Oslo men;.;N;Holme, I., & Anderssen, S. A. (2015);Norway;2015;BRITISH JOURNAL OF SPORTS MEDICINE;Sports Medicine;14846;Older patients;[68-77];PA;.;Male;Amateur;Not reported;Health;Y;Cox regression models;Cox regression modelling of mortality endpoints;No;Yes;No;No;No;No;No;No;No;No;No;No;Yes;No;Yes;No;OK;Frequentist;Not reported;No;Yes;No;Yes;Yes;Yes;Yes;Yes;Partial;No;No;No;Yes;Yes;Yes;Yes;Yes;;Derecha;No;No;Yes
55;Increasing age and female gender are associated with early knee replacement following arthroscopy;To explore factors that may be associated with increased risk of early replacement, as early knee replacement following arthroscopy may be perceived as a failure of the original treatment and thus a poor use of resources;.;N;Jameson, S. S., Rushton, S. P., Dowen, D., Baker, P., James, P., Reed, M. R., & Deehan, D. (2014).;UK;2014;KNEE SURGERY SPORTS TRAUMATOLOGY ARTHROSCOPY;Sports Medicine;20556;Cases;[18-96];Not sport;.;Both;Not sport;National Health Service (NHS);Health;Y;Mixed effect modelling;.;No;Yes;No;No;No;No;No;No;No;No;No;No;No;No;No;No;OK;Frequentist;R;Yes;No;No;Yes;Yes;Yes;Yes;Yes;Partial;No;No;NA;Yes;Yes;Yes;Yes;Yes;;Derecha;No;Yes;Yes
56;Influence of Varus Alignment on Survivorship After Lateral Meniscal Allograft Transplantation;To assess whether varus alignment of the knee is associated with improved graft survival and clinical outcomes following lateral meniscal allograft transplantation (MAT) compared to cases with normal alignment;.;N;Song, J. H., Bin, S. I., Kim, J. M., Lee, B. S., & Lee, C. R. (2020).;Korea;2020;AMERICAN JOURNAL OF SPORTS MEDICINE;Sports Medicine;190;Cases;Not reported;Not sport;.;Both;Not sport;Not reported;Health;Y;Kaplan-Meier;Kaplan-Meier and Cox regression;Yes;Yes;No;Yes;No;No;Yes;No;No;No;No;No;No;No;No;No;OK;Frequentist;SPSS;No;No;No;Yes;Yes;Yes;Yes;No;Yes;No;No;No;Yes;Yes;Yes;Yes;Yes;;Derecha;No;No;No
57;Injuries and illnesses in Swedish Paralympic athletes-A 52-week prospective study of incidence and risk factors;To describe the annual incidence, type, and severity of injuries and illnesses among Swedish Paralympic athletes;To assess its risk factors;N;Fagher, K., Dahlström, Ö., Jacobsson, J., Timpka, T., & Lexell, J. (2020).;Sweden;2020;SCANDINAVIAN JOURNAL OF MEDICINE & SCIENCE IN SPORTS;Sports Medicine;107;Paralympic athletes;[18-65];Team sports, Summer sports and Winter sports;Summer & Winter Sports;Both;Professional;Not reported;Sports Performance Analysis;Y;Kaplan-Meier;Kaplan-Meier and Cox regression;Yes;Yes;No;Yes;No;No;Yes;No;No;No;No;No;No;No;No;No;OK;Frequentist;SPSS;No;No;No;Yes;Yes;Yes;Yes;No;Yes;No;No;Yes;Yes;Yes;Yes;Yes;Yes;;Derecha;No;No;No
58;Joint Line Obliquity Does Not Affect the Outcomes of Opening Wedge High Tibial Osteotomy at an Average 10-Year Follow-up;To evaluate the prognostic factors (including a pathological postoperative JLO) related with the outcomes of opening wedge HTO at 10 years of follow-up;.;N;Rosso, F., Rossi, R., Cantivalli, A., Pilone, C., & Bonasia, D. E. (2022).;Italy;2022;AMERICAN JOURNAL OF SPORTS MEDICINE;Sports Medicine;92;Cases;53.5;Not sport;.;Both;Not sport;Not reported;Health;Y;Kaplan-Meier;.;Yes;No;No;No;No;No;No;No;No;No;No;No;No;No;No;No;OK;Frequentist;MedCalc;No;No;No;Yes;Yes;No;Yes;No;Partial;No;No;NA;Yes;NA;NA;Yes;Yes;;Derecha;No;No;No
59;Length of stay and its impact upon functional outcomes following lower limb arthroplasty;To investigate the interplay between patient characteristics and length of hospital stay ;To investigate the interplay between one-year patient-reported outcome following total knee and hip arthroplasty;N;Brock, T. M., Baker, P. N., Rushton, S., Bardgett, M., & Deehan, D. (2017).;UK;2017;KNEE SURGERY SPORTS TRAUMATOLOGY ARTHROSCOPY;Sports Medicine;1001;Cases;Not reported;Not sport;.;Both;Not sport;Not reported;Health;Y;Structural equation modelling;.;No;Yes;No;No;No;No;No;No;No;No;No;No;No;No;No;No;OK;Frequentist;Not reported;No;No;No;Yes;Yes;No;Yes;No;No;No;No;No;No;No;No;Yes;No;;Derecha;No;No;No
60;Less risk of conversion to total knee arthroplasty without significant clinical and survivorship difference for opening-wedge high tibial osteotomies in varus knee deformities at 10-year minimum follow-up compared to closing-wedge high tibial osteotomies;To evaluate the clinical outcomes and survivorship at minimum 10-year follow-up of patients undergoing primary valgisation high tibial osteotomy (HTO) for medial osteoarthritis (OA), treated by Opening-Wedge HTO (OW-HTO) or Closing-Wedge HTO (CW-HTO);;N;Cazor, A., Schmidt, A., Shatrov, J., Alqahtani, T., Neyret, P., Sappey-Marinier, E., Batailler, C., Lustig, S., & Servien, E. (2023).;France;2023;KNEE SURGERY SPORTS TRAUMATOLOGY ARTHROSCOPY;Sports Medicine;183;Cases;[27-73.9];Not sport;.;Both;Not sport;Not reported;Health;Y;Kaplan-Meier;.;Yes;No;No;Yes;No;No;Yes;No;No;No;No;No;No;No;No;No;OK;Frequentist;EasyMedStat;No;No;No;Yes;Yes;No;Partial;No;Yes;No;No;No;Yes;Yes;Yes;No;Yes;;Derecha;No;No;No
61;Long-term Outcomes and Survivorship of Fresh-Frozen Meniscal Allograft Transplant With Soft Tissue Fixation: Minimum 10-Year Follow-up Study;To evaluate the long-term clinical outcomes, reoperations, and failures with a minimum follow-up of 10 years after fresh-frozen MAT performed arthroscopically with soft tissue fixation;.;N;Grassi, A., Macchiarola, L., Lucidi, G. A., Coco, V., Romandini, I., Filardo, G., Neri, M. P., Marcacci, M., & Zaffagnini, S. (2020).;Italy;2020;AMERICAN JOURNAL OF SPORTS MEDICINE;Sports Medicine;46;Cases;36.6;Not sport;.;Both;Not sport;Not reported;Health;Y;Kaplan-Meier;.;Yes;No;No;Yes;No;No;Yes;No;No;No;No;No;No;No;No;No;OK;Frequentist;MedCalc;No;No;No;Yes;Yes;No;Yes;No;Partial;No;No;NA;Yes;Yes;Yes;Yes;Yes;;Derecha;No;No;No
62;Long-term Outcomes of Autologous Chondrocyte Implantation in Adolescent Patients;To evaluate long-term outcomes in adolescents after ACI using survival analyses, validated outcome questionnaires, and standard radiographs;.;N;Ogura, T., Bryant, T., & Minas, T. (2017).;USA;2017;AMERICAN JOURNAL OF SPORTS MEDICINE;Sports Medicine;29;Cases;[13-17];Not sport;.;Both;Not sport;Not reported;Health;Y;Kaplan-Meier;.;Yes;No;No;No;No;No;No;No;No;No;No;No;No;No;No;No;OK;Frequentist;STATA;No;No;No;Yes;Yes;No;Yes;No;Yes;No;No;NA;Yes;NA;NA;No;No;;Derecha;No;No;No
63;Long-term results of arthroscopic Bankart repair: Minimum 10 years of follow-up;To investigate the long-term results of arthroscopic Bankart repair in terms of rates and timelines of recurrence of instability, with special interest in young adult patients aged ?20 years;.;N;Flinkkilä, T., Knape, R., Sirniö, K., Ohtonen, P., & Leppilahti, J. (2018).;Finland;2018;KNEE SURGERY SPORTS TRAUMATOLOGY ARTHROSCOPY;Sports Medicine;182;Cases;[15-58];Not sport;.;Both;Not sport;Not reported;Health;Y;Kaplan-Meier;.;Yes;No;No;Yes;No;No;Yes;No;No;No;No;No;No;No;No;No;OK;Frequentist;SPSS;No;No;No;Yes;Yes;No;Yes;No;Yes;No;Yes;NA;Yes;Yes;Yes;No;No;;Derecha;No;No;No
64;Long-term Survival Analysis of Meniscus Allograft Transplantation With Bone Fixation;To investigate the long-term clinical results and clinical survival rate of meniscus allograft transplantation (MAT) with bone fixation;.;N;Kim, J. M., Bin, S. I., Lee, B. S., Kim, N. K., Song, J. H., Choi, J. W., & Lee, C. R. (2017).;Korea;2017;ARTHROSCOPY-THE JOURNAL OF ARTHROSCOPIC AND RELATED SURGERY;Sports Medicine;47;Cases;30.4;Not sport;.;Both;Not sport;Not reported;Health;Y;Kaplan-Meier;.;Yes;Yes;No;No;No;No;No;No;No;No;No;No;No;No;No;No;OK;Frequentist;Not reported;No;No;No;Yes;Yes;No;Yes;No;Partial;No;No;NA;Partial;NA;NA;No;No;;Derecha;No;No;No
65;Long-term survival is similar between closed-wedge high tibial osteotomy and unicompartmental knee arthroplasty in patients with similar demographics;To compare long-term clinical and radiographic results and survival rates between closed-wedge high tibial osteotomy (HTOs) and fixed-bearing unicompartmental knee arthroplasty (UKA) in patients with similar demographics;.;N;Song, S. J., Bae, D. K., Kim, K. I., & Park, C. H. (2019).;Korea;2019;KNEE SURGERY SPORTS TRAUMATOLOGY ARTHROSCOPY;Sports Medicine;110;Cases;[55-65];Not sport;.;Both;Not sport;Not reported;Health;Y;Kaplan-Meier;.;Yes;No;No;Yes;No;No;Yes;No;No;No;No;No;No;No;No;No;OK;Frequentist;SPSS;Yes;No;No;Yes;Yes;Yes;Yes;No;Yes;No;No;No;Yes;Yes;Yes;No;No;;Derecha;No;No;No
66;Long-term Survivorship and Function of Meniscus Transplantation;To  evaluate the effects of articular cartilage damage, concurrent osteochondral autograft transfer (20 knees), patient age, and tibiofemoral compartment;.;N;Noyes, F. R., & Barber-Westin, S. D. (2016).;USA;2016;AMERICAN JOURNAL OF SPORTS MEDICINE;Sports Medicine;72;Cases;[14-49];Not sport;.;Both;Not sport;Not reported;Health;Y;Kaplan-Meier;.;Yes;No;No;Yes;No;No;Yes;No;No;No;No;No;No;No;No;No;OK;Frequentist;Not reported;No;No;No;Yes;Partial;Partial;Yes;No;Yes;Yes;No;No;Yes;Yes;No;No;No;;Derecha;No;No;No
67;Lower Extremity Musculoskeletal Injury in US Military Academy Cadet Basic Training: A Survival Analysis Evaluating Sex, History of Injury, and Body Mass Index;To report both the incidence and timing of lower extremity injuries during cadet basic training;.;N;Hearn, D. W., Kerr, Z. Y., Wikstrom, E. A., Goss, D. L., Cameron, K. L., Marshall, S. W., & Padua, D. A. (2021).;USA;2021;ORTHOPAEDIC JOURNAL OF SPORTS MEDICINE;Sports Medicine;595;Cadets;[17-22];Military training;.;Both;Amateur;Not reported;Health;Y;Kaplan-meier;Kaplan-Meier and Cox proportional hazard regression;Yes;Yes;No;Yes;No;No;Yes;No;No;No;No;No;No;No;No;No;OK;Frequentist;SAS;No;No;No;Yes;Yes;Partial;Partial;Yes;Partial;No;No;Yes;Yes;Yes;Yes;Yes;Yes;;Derecha;No;No;No
68;Lower revision rates for cemented fixation in a long-term survival analysis of three different LCS designs;To investigate the long-term survival of this design with a minimum of 15-year follow-up;.;N;van Ooij, B., de Keijzer, D. R., Hoornenborg, D., Sierevelt, I. N., & Haverkamp, D. (2022).;The Netherlands;2022;KNEE SURGERY SPORTS TRAUMATOLOGY ARTHROSCOPY;Sports Medicine;1271;Cases;Not reported;Not sport;.;Both;Not sport;Slotervaart Medical Centre;Health;Y;Cox Regression;.;Yes;Yes;No;Yes;No;No;Yes;No;No;No;No;No;No;No;Yes;No;OK;Frequentist;SPSS;No;No;No;Yes;Yes;Yes;Yes;No;Yes;No;Yes;NA;Yes;Yes;Yes;Yes;Yes;;Derecha;No;No;No
69;Lower-Extremity Injury Increases Risk of First-Time Low Back Pain in the US Army;To examine acute LEI as a risk factor for developing LBP and examined the time to incident LBP between individuals with and without a history of LEI.;.;N;Seay, J. F., Shing, T., Wilburn, K., Westrick, R., & Kardouni, J. R. (2018).;USA;2018;MEDICINE AND SCIENCE IN SPORTS AND EXERCISE;Sports Medicine;213307;Soldiers;Not reported;Not sport;.;Both;Not sport;Total Army Injury and Health Outcomes Database;Health;Y;Cox Regression;Cox Regression model and Accelerated Failure Time (AFT) model;No;Yes;No;No;No;No;No;No;No;No;No;Yes;No;No;No;No;OK;Frequentist;Not reported;No;No;No;Yes;Yes;Yes;Yes;Partial;Yes;No;No;NA;Yes;Yes;No;Yes;Yes;;Derecha;No;No;No
70;Medial shoe-ground pressure and specific running injuries: A 1-year prospective cohort study;To investigate if running distance until the first APM-injury was dependent on the foot balance during stance phase in recreational male runners;.;N;Brund, R. B. K., Rasmussen, S., Nielsen, R. O., Kersting, U. G., Laessoe, U., & Voigt, M. (2017).;Denmark;2017;JOURNAL OF SCIENCE AND MEDICINE IN SPORT;Sports Medicine;196;Recreational Runners;[18-60];Running;.;Male;Amateur;Not reported;Sports Performance Analysis;Y;Kaplan-Meier;.;Yes;No;No;No;No;No;No;No;No;No;No;No;No;No;No;No;OK;Frequentist;STATA;No;No;No;Yes;Yes;Yes;Yes;No;Partial;No;Yes;NA;Yes;Yes;Yes;No;Yes;;Derecha;No;No;No
71;Meniscal integrity predicts laxity of anterior cruciate ligament reconstruction;To evaluate the incidence of failure of anterior cruciate ligament (ACL) reconstruction;To assess the prognostic factors for such an outcome;N;Robb, C., Kempshall, P., Getgood, A., Standell, H., Sprowson, A., Thompson, P., & Spalding, T. (2015).;UK;2015;KNEE SURGERY SPORTS TRAUMATOLOGY ARTHROSCOPY;Sports Medicine;123;Cases;Not reported;Not sport;.;Both;Not sport;Not reported;Health;Y;Kaplan-Meier;Kaplan-Meier and Cox proportional hazard model;Yes;Yes;No;Yes;No;No;Yes;No;No;No;No;No;No;No;No;No;OK;Frequentist;R;Yes;No;No;Yes;Yes;Yes;Yes;No;Yes;No;No;NA;Yes;Yes;Yes;Yes;Yes;;Derecha;No;No;No
72;Meniscal repair failure following concurrent primary anterior cruciate ligament reconstruction: results from the New Zealand ACL Registry;To identify the risk factors for meniscal repair failure following concurrent primary anterior cruciate ligament (ACL) reconstruction;.;N;Rahardja, R., Love, H., Clatworthy, M. G., & Young, S. W. (2023).;New Zealand;2023;KNEE SURGERY SPORTS TRAUMATOLOGY ARTHROSCOPY;Sports Medicine;3024;Cases;Not reported;Not sport;.;Both;Not sport;New Zealand ACL Registry and Accident Compensation Corporation;Health;Y;Cox proportional hazards model;Multivariate survival analysis using a Cox proportional hazards regression model;No;Yes;No;No;No;No;No;No;No;No;No;No;No;No;No;No;OK;Frequentist;SPSS;No;No;No;Yes;Yes;No;Yes;Partial;Partial;No;No;No;Yes;No;No;Yes;Yes;;Derecha;No;No;No
73;Mesenchymal Stem Cell Implantation in Knee Osteoarthritis: Midterm Outcomes and Survival Analysis in 467 Patients;To evaluate the midterm outcomes, analyze the survival rates, and identify the factors affecting the survival rate of MSC implantation to treat knee OA.;.;N;Kim, Y. S., Suh, D. S., Tak, D. H., Chung, P. K., & Koh, Y. G. (2020).;Korea;2020;ORTHOPAEDIC JOURNAL OF SPORTS MEDICINE;Sports Medicine;483;Cases;[48-74];Not sport;.;Both;Not sport;Not reported;Health;Y;Kaplan-Meier;.;Yes;Yes;No;Yes;No;No;Yes;No;No;No;No;No;No;No;No;No;OK;Frequentist;SPSS;No;No;No;Yes;Yes;No;Yes;No;Partial;No;No;No;Yes;NA;NA;Yes;Yes;;Derecha;No;No;No
74;Minimally invasive lateral unicompartmental knee replacement: Early results from an independent center using the Oxford fixed lateral prosthesis;To assess clinical outcome as well as short-term survivorship of fixed-bearing lateral unicompartmental knee replacement (UKR) from a non-designer centre using the Oxford Fixed Lateral prosthesis;.;N;Walker, T., Hariri, M., Eckert, J., Panzram, B., Reiner, T., Merle, C., Gotterbarm, T., & Moradi, B. (2020).;Germany;2020;THE KNEE;Sports Medicine;52;Cases;[34-88];Not sport;.;Both;Not sport;Not reported;Health;Y;Kaplan-Meier;.;Yes;No;No;No;No;No;No;No;No;No;No;No;No;No;No;No;OK;Frequentist;SPSS and Graphpad Prism;No;No;No;Yes;Yes;No;Yes;No;Yes;No;No;NA;Yes;Yes;Yes;No;No;;Derecha;No;No;No
75;Minimally invasive Oxford medial unicompartmental knee arthroplasty in young patients;To address the issue of advanced knee arthritis in young patients through exploring the efficacy and expanding indications of mobile-bearing unicompartmental knee arthroplasty (UKA) as a surgical treatment option;.;N;Streit, M. R., Streit, J., Walker, T., Bruckner, T., Philippe Kretzer, J., Ewerbeck, V., Merle, C., Aldinger, P. R., & Gotterbarm, T. (2017).;Germany;2017;KNEE SURGERY SPORTS TRAUMATOLOGY ARTHROSCOPY;Sports Medicine;118;Cases;[25-60];Not sport;.;Both;Not sport;Not reported;Health;Y;Kaplan-Meier;.;Yes;No;No;No;No;No;No;No;No;No;No;No;No;No;No;No;OK;Frequentist;SPSS and Graphpad Prism;No;No;No;Yes;Yes;No;Yes;No;Yes;No;No;NA;Yes;NA;NA;No;No;;Derecha;No;No;No
76;Modern cemented total knee arthroplasty design shows a higher incidence of radiolucent lines compared to its predecessor;To evaluate the radiographic outcome and short-term survival of a modern cemented primary TKA system compared to its predecessor;.;N;Staats, K., Wannmacher, T., Weihs, V., Koller, U., Kubista, B., & Windhager, R. (2019).;Austria;2019;KNEE SURGERY SPORTS TRAUMATOLOGY ARTHROSCOPY;Sports Medicine;529;Cases;Not reported;Not sport;.;Both;Not sport;Not reported;Health;Y;Kaplan-Meier;.;Yes;No;No;Yes;No;No;Yes;No;No;No;No;No;No;No;No;No;OK;Frequentist;SPSS;No;No;No;Yes;Yes;No;Yes;No;Partial;No;No;NA;Yes;Yes;Yes;No;No;;Derecha;No;No;No
77;Monitoring of sport participation and injury risk in young athletes;To compare sport participation characteristics in different youth sport categories;To investigate their relationship with injury;N;Malisoux, L., Frisch, A., Urhausen, A., Seil, R., & Theisen, D. (2013).;Luxembourg;2013;JOURNAL OF SCIENCE AND MEDICINE IN SPORT;Sports Medicine;154;Young high-level athletes;[12-19];Team sports, Racket sports and Individual sports;Individual Sports;Both;Amateur;Training and Injury Prevention Platform for Sports (TIPPS);Sports Performance Analysis;Y;Cox proportional hazards regression;.;No;Yes;No;No;No;No;No;No;No;No;No;No;No;No;No;No;OK;Frequentist;Not reported;No;No;No;Yes;Yes;No;Yes;No;No;No;No;No;No;No;No;Partial;Yes;;Derecha;No;No;No
78;Mortality of Spanish soccer referees and coaches: a retrospective cohort study;To analyze the longevity of both professionals, comparing them with soccer players and with general population;.;N;Diz, J. C., Rodríguez, I., Iglesias-Sueiro, S., Diz Ferreira, E., Sanchez-Lastra, M. A. & Ayán, C. (2023);Spain;2023;SCIENCE AND MEDICINE IN FOOTBALL;Sports Medicine;1845;Football coaches, referees and players;Not reported;Football;.;Male;Professional;Spanish League Registers;Health;Y;Kaplan-Meier;Kaplan–Meier and log-rank test;Yes;No;No;Yes;No;No;Yes;No;No;No;No;No;No;No;No;No;OK;Frequentist;SPSS and Excel;No;Yes;No;Yes;Yes;Yes;Yes;No;Yes;Yes;No;Yes;Yes;Yes;Yes;No;Yes;;Derecha;Yes;No;No
79;Multiple factors explain injury risk in adolescent elite athletes: Applying a biopsychosocial perspective;To identify risk factors for injury in adolescent elite athletes, by applying a biopsychosocial approach;.;Y;von Rosen, P., Frohm, A., Kottorp, A., Fridén, C., & Heijne, A. (2017).;Sweden;2017;SCANDINAVIAN JOURNAL OF MEDICINE & SCIENCE IN SPORTS;Sports Medicine;496;Adolescent elite athletes;[15-19];Athletics, Cross country skiing, Orienteering, Ski-orienteering, Handball, Downhill skiing, Freestyle skiing, Water skiing, Canoe, Rowing, Wrestling, Bowling, Triathlon, Golf, Cycling and American football;Cross-country skiing;Both;Amateur;Karolinska Athlete Screening Injury Prevention (KASIP project );Health;Y;Cox Regression;.;Yes;Yes;No;No;No;No;No;No;No;No;No;No;No;No;No;No;OK;Frequentist;SPSS;No;No;No;Yes;Yes;Yes;Yes;Yes;Partial;No;No;No;Yes;Yes;Yes;Yes;Yes;;Derecha;No;No;No
80;National Football League Skilled and Unskilled Positions Vary in Opportunity and Yield in Return to Play After an Anterior Cruciate Ligament Injury;To test for differences in RTP rates and changes in performance after an ACL injury by position and draft round;.;N;Yang, J., Hodax, J. D., Machan, J. T., Secrist, E. S., Durand, W. M., Owens, B. D., Eltorai, A. E. M., & Dodson, C. C. (2017).;USA;2017;ORTHOPAEDIC JOURNAL OF SPORTS MEDICINE;Sports Medicine;154;American football players;Not reported;American football;.;Male;Professional;NFL Injury Surveillance System;Sports Performance Analysis;Y;Kaplan-Meier;Kaplan-Meier and Generalized linear models;Yes;No;No;No;No;Yes;Yes;No;No;No;No;No;No;No;No;No;OK;Frequentist;SAS;No;No;No;Yes;Yes;Yes;Yes;No;Yes;No;Yes;No;Yes;Yes;Yes;No;Yes;;Derecha;No;No;No
81;No difference in mid-term survival and clinical outcome between patient-specific and conventional instrumented total knee arthroplasty: a randomized controlled trial;To compare the survival rate and clinical outcome in total knee arthroplasty (TKA) after MRI-based patient-specific instruments (PSI) and conventional instruments 5 years after initial surgery;.;N;Schotanus, M. G. M., Boonen, B., van der Weegen, W., Hoekstra, H., van Drumpt, R., Borghans, R., Vos, R., van Rhijn, L., & Kort, N. P. (2019).;The Netherlands;2019;KNEE SURGERY SPORTS TRAUMATOLOGY ARTHROSCOPY;Sports Medicine;163;Cases;71.8;Not sport;.;Both;Not sport;Not reported;Health;Y;Generalised linear mixed model (GLMM);.;Yes;No;No;Yes;No;No;Yes;No;No;No;No;No;No;No;No;No;OK;Frequentist;SPSS;No;No;No;Yes;Yes;No;Yes;No;Yes;No;No;NA;Yes;Yes;Yes;No;No;;Derecha;No;No;No
82;No effect of fixation type on early and late mortality after total knee arthroplasty: a Dutch arthroplasty register study;To determine the effect of fixation on early and late mortality after primary TKA;.;N;Quispel, C. R., van Egmond, J. C., Bruin, M. M., Spekenbrink-Spooren, A., Verburg, H., & Pasma, J. H. (2022).;The Netherlands;2022;KNEE SURGERY SPORTS TRAUMATOLOGY ARTHROSCOPY;Sports Medicine;108687;Cases;68.6;Not sport;.;Both;Not sport;Dutch Arthroplasty Register (LROI);Health;Y;Kaplan-Meier;Kaplan-Meier and Cox survival analysis;Yes;Yes;No;No;No;No;No;No;No;No;No;No;No;No;No;No;OK;Frequentist;SPSS and R;No;No;No;Yes;Yes;Partial;Yes;Yes;Partial;No;Yes;NA;Yes;Yes;Yes;Yes;Yes;;Derecha;No;No;Yes
83;Nonoperative Treatment of Elbow Ulnar Collateral Ligament Injuries With and Without Platelet-Rich Plasma in Professional Baseball Players: A Comparative and Matched Cohort Analysis;To perform a comparative studie on professional baseball players who have undergone nonoperative treatment with or without PRP injections for UCL injuries;.;N;Chauhan, A., McQueen, P., Chalmers, P. N., Ciccotti, M. G., Camp, C. L., D'Angelo, J., Potter, H. G., Fealy, S. A., Erickson, B. J., Hoenecke, H. R., Keefe, D., McCauley, J., & Fronek, J. (2019).;USA;2019;AMERICAN JOURNAL OF SPORTS MEDICINE;Sports Medicine;544;Pitchers;23;Baseball;.;Male;Professional;Major League Baseball (MLB) Health and Injury Tracking System;Health;Y;Kaplan-Meier;.;Yes;No;No;No;No;No;No;No;No;No;No;No;No;No;No;No;OK;Frequentist;Excel and SPSS;No;No;No;Yes;Yes;No;Yes;No;Partial;No;No;No;Yes;Yes;Yes;Yes;Yes;;Derecha;No;No;No
84;Operative shoulder instability injury management in Australian Football League players: A case series;To review the surgical management procedures of shoulder instability injuries in Australian Football League (AFL) players;To determine outcomes regarding return to sport and injury recurrence;N;Bonacci, J., Manson, B., Bowe, S. J., Gill, S., Seward, H., Hoy, G., & Page, R. (2018).;Australia;2018;JOURNAL OF SCIENCE AND MEDICINE IN SPORT;Sports Medicine;77;Australian football players;21.9;Australian football;.;Male;Professional;Australian Football League (AFL) injury surveillance report;Health;Y;Kaplan-Meier;Kaplan–Meier and logistic regression model;Yes;No;No;Yes;No;No;Yes;No;No;No;No;No;No;No;No;No;OK;Frequentist;STATA;No;No;No;Yes;Yes;Yes;Yes;No;Yes;No;No;NA;Yes;Yes;Yes;Partial;Yes;;Derecha;No;No;No
85;Outcomes from sudden cardiac arrest in US high schools: a 2-year prospective study from the National Registry for AED Use in Sports;To prospectively investigate a large cohort of U.S. high schools to determine and quantify the impact of school-based AED programs on survival from SCA.;.;N;Drezner, J. A., Toresdahl, B. G., Rao, A. L., Huszti, E., & Harmon, K. G. (2013);USA;2013;BRITISH JOURNAL OF SPORTS MEDICINE;Sports Medicine;59;Cases;[13-80];Not sport;.;Both;Not sport;The National Registry for AED Use in Sports (AEDSPORTS);Health;N;Univariate logistic regression;.;No;No;Yes;No;No;No;No;No;No;No;No;No;No;No;No;No;OK;Frequentist;Not reported;No;No;No;Yes;Yes;No;Yes;No;Yes;No;No;No;Yes;No;No;NA;No;;Derecha;No;No;No
86;Partial lateral facetectomy plus Insall's procedure for the treatment of isolated patellofemoral osteoarthritis: survival analysis;To report the survival analysis of partial lateral facetectomy and Insall's procedure in patients with isolated patellofemoral osteoarthritis;To assess the risk and protective factors for failure of this procedure;N;Montserrat, F., Alentorn-Geli, E., León, V., Ginés-Cespedosa, A., & Rigol, P. (2014).;Spain;2014;KNEE SURGERY SPORTS TRAUMATOLOGY ARTHROSCOPY;Sports Medicine;87;Cases;61.8;Not sport;.;Both;Not sport;Not reported;Health;Y;Kaplan-Meier;Kaplan-Meier and Cox univariate and multivariate;Yes;Yes;No;No;No;No;No;No;No;No;No;No;No;No;No;No;OK;Frequentist;SPSS;No;No;No;Yes;Yes;Partial;Yes;No;Partial;No;No;NA;Yes;Yes;Yes;Yes;Yes;;Derecha;No;No;No
87;Partial Meniscectomy for Degenerative Medial Meniscal Root Tears Shows Favorable Outcomes in Well-Aligned, Nonarthritic Knees;To identify the risk factors associated with end-stage osteoarthritis after arthroscopic meniscectomy for degenerative MMPRT for middle-aged or elderly patients;To determine the joint survivorship according to the identified risk factors;N;Lee, B. S., Bin, S. I., Kim, J. M., Park, M. H., Lee, S. M., & Bae, K. H. (2019).;Korea;2019;AMERICAN JOURNAL OF SPORTS MEDICINE;Sports Medicine;288;Cases;[43-78];Not sport;.;Both;Not sport;Not reported;Health;Y;Cox proportional hazards regression;Cox proportional hazards regression, Kaplan-Meier and log-rank test;Yes;Yes;No;Yes;No;No;Yes;No;No;No;No;No;No;No;No;No;OK;Frequentist;SPSS;No;No;No;Yes;Yes;Partial;Yes;No;Yes;No;No;No;Yes;Yes;Yes;Partial;Yes;;Derecha;No;No;No
88;Patient satisfaction and clinical outcomes of reverse shoulder arthroplasty: a minimum of 10 years' follow-up;To report patient-reported outcomes, satisfaction, complications, revisions, and prosthesis survivorship of RSA performed by a single, high-volume shoulder arthroplasty surgeon at a minimum of 10 years using a Grammont design prosthesis;.;N;Sheth, M. M., Heldt, B. L., Spell, J. H., Vidal, E. A., Laughlin, M. S., Morris, B. J., Elkousy, H. A., & Edwards, T. B. (2022).;USA;2022;JOURNAL OF SHOULDER AND ELBOW SURGERY;Sports Medicine;94;Cases;66;Not sport;.;Both;Not sport;Not reported;Health;Y;Kaplan-Meier;.;Yes;No;No;No;No;No;No;No;No;No;No;No;No;No;No;No;OK;Frequentist;STATA;No;No;No;Yes;Yes;Yes;Yes;No;Yes;No;No;NA;Yes;Yes;Yes;No;Yes;;Derecha;No;No;No
89;Patients aged 50-75 years take longer to achieve the patient acceptable symptom state than patients aged 20-34 years following primary hip arthroscopy for femoroacetabular impingement syndrome;To assess the impact of age on time to achieving the Minimum Clinically Important Difference (MCID), Substantial Clinical Benefit (SCB), and Patient Acceptable Symptom State (PASS) following primary hip arthroscopy for FAIS;.;N;Shankar, D. S., Rao, N., Colasanti, C. A., Lan, R., Essilfie, A. A., & Youm, T. (2023).;USA;2023;KNEE SURGERY SPORTS TRAUMATOLOGY ARTHROSCOPY;Sports Medicine;285;Cases;[20-75];Not sport;.;Both;Not sport;Not reported;Health;Y;Cox proportional hazards modeling;.;No;Yes;No;Yes;No;No;Yes;No;No;No;No;No;No;No;No;No;OK;Frequentist;SAS;No;No;No;Yes;Yes;Yes;Yes;No;Yes;No;No;No;Yes;No;No;Yes;Yes;;Interval;No;No;No
90;Personalized Medicine Using Predictive Analytics: A Machine Learning-Based Prognostic Model for Patients Undergoing Hip Arthroscopy;To establish a method for predictive modeling to enable individualized prognostication and shared decision making based on preoperative patient factors using data from a prospective hip preservation registry;.;N;Domb, B. G., Ouyang, V. W., Go, C. C., Gornbein, J. A., Shapira, J., Meghpara, M. B., Maldonado, D. R., Lall, A. C., & Rosinsky, P. J. (2022).;USA;2022;AMERICAN JOURNAL OF SPORTS MEDICINE;Sports Medicine;2415;Cases;[12.8-81.3];Not sport;.;Both;Not sport;Not reported;Health;Y;Cox proportional hazards modeling;Cox proportional hazards modeling y Fine-Gray model;No;Yes;No;No;No;No;No;No;No;No;No;No;Yes;No;Yes;No;OK;Frequentist;R;No;No;No;Yes;Yes;No;Yes;Partial;Partial;No;No;No;Yes;Yes;No;Yes;Yes;;Derecha;No;No;No
91;Polyurethane Meniscal Scaffold for the Treatment of Partial Meniscal Deficiency: 5-Year Follow-up Outcomes: A European Multicentric Study;To present the findings and outcomes of a study that investigated the use of a biodegradable polyurethane scaffold for treating patients with painful partial meniscal defects;.;N;Toanen, C., Dhollander, A., Bulgheroni, P., Filardo, G., Zaffagnini, S., Spalding, T., Monllau, J. C., Gelber, P., Verdonk, R., Beaufils, P., Pujol, N., Bulgheroni, E., Asplin, L., & Verdonk, P. (2020).;France;2020;AMERICAN JOURNAL OF SPORTS MEDICINE;Sports Medicine;155;Cases;[18-55];Not sport;.;Both;Not sport;Not reported;Health;Y;Kaplan-Meier;.;Yes;No;No;Yes;No;No;Yes;No;No;No;No;No;No;No;No;No;OK;Frequentist;SPSS;No;No;No;Yes;Yes;No;Yes;No;Yes;No;No;NA;Yes;Yes;Yes;No;No;;Derecha;No;No;No
92;Postoperative flares and peri-arthroscopic management of immunosuppressive medications in patients with rheumatic disease;To determine the rate and characteristics of postoperative flares in rheumatic disease patients undergoing arthroscopic surgery, and the role of perioperative immunosuppression (IS) management in preventing or provoking these exacerbations;.;N;Vasavada, K., Shankar, D. S., Avila, A., Lin, C. C., Marulanda, D., Jazrawi, L. M., & Samuels, J. (2023).;USA;2023;THE KNEE;Sports Medicine;428;Cases;Not reported;Not sport;.;Both;Not sport;Not reported;Health;Y;Multivariable logistic regression;Multivariable logistic regression and Cox proportional regression model;Yes;Yes;No;Yes;No;No;Yes;No;No;No;No;No;No;No;No;No;OK;Frequentist;R;No;No;No;Yes;Yes;Yes;Yes;No;Partial;No;No;NA;Yes;Yes;Yes;Yes;Yes;;Derecha;No;No;No
93;Predicting the Risk of Posttraumatic Osteoarthritis After Primary Anterior Cruciate Ligament Reconstruction: A Machine Learning Time-to-Event Analysis;To produce machine learning survival models that can identify patients at risk of symptomatic PTOA and patients who are at risk of undergoing total knee arthroplasty (TKA) after ACLR;.;Y;Lu, Y., Reinholz, A. K., Till, S. E., Kalina, S. V., Saris, D. B. F., Camp, C. L., & Stuart, M. J. (2023).;USA;2023;AMERICAN JOURNAL OF SPORTS MEDICINE;Sports Medicine;974;Cases;26;Not sport;.;Both;Not sport;Rochester Epidemiology Database;Health;Y;Random survival forest;Random survival forest and Kaplan-Meier;Yes;No;No;No;No;No;No;No;No;No;Yes;No;No;No;No;No;OK;Frequentist;R;No;No;No;Yes;Yes;Partial;Yes;Yes;Yes;No;Yes;Yes;Yes;Yes;Yes;Yes;Yes;;Derecha;No;No;No
94;Preventive effect of tailored exercises on patellar tendinopathy in elite youth athletes: A cohort study;To investigate the effects of an intervention with tailored exercises on the incidence of patellar tendinopathy (PT) in elite youth jumping athletes;.;N;Bittencourt, N. F. N., Oliveira, R. R., Vaz, R. P. M., Silva, R. S., & Mendonça, L. M. (2022).;Brazil;2022;PHYSICAL THERAPY IN SPORT;Sports Medicine;270;Elite youth basketball and volleyball players;14.4;Basketball and Volleyball;Volleyball;Both;Both;Not reported;Sports Performance Analysis;Y;Cox Regression;.;Yes;Yes;No;Yes;No;No;Yes;No;No;No;No;No;No;No;No;No;OK;Frequentist;SPSS;No;No;No;Yes;Yes;No;Yes;No;Partial;No;No;NA;Yes;Yes;Yes;Yes;Yes;;Derecha;No;No;Yes
95;Primary Hip Arthroscopy for Femoroacetabular Impingement Syndrome in Adolescents Improves Outcomes and Clinical Benefit Achievement Rates at Short-Term Follow-Up: A Multicenter Analysis;To report minimum 2-year follow-up patient-reported outcome scores (PROs) and rates of achieving the minimal clinically important difference (MCID), the patient-acceptable symptomatic state (PASS), and the maximal outcome improvement (MOI) on adolescents following primary hip arthroscopy for femoroacetabular impingement syndrome (FAIS);To determine risk factors for revision surgery;N;Maldonado, D. R., Kufta, A. Y., Krych, A. J., Levy, B. A., Okoroha, K. R., Gonzalez-Carta, K., & Domb, B. G. (2023).;USA;2023;ARTHROSCOPY-THE JOURNAL OF ARTHROSCOPIC AND RELATED SURGERY;Sports Medicine;287;Cases;<=19;Not sport;.;Both;Not sport;Not reported;Health;Y;Multivariable suvival analysis;.;No;Yes;No;No;No;No;No;No;No;No;No;No;No;No;No;No;OK;Frequentist;R and Excel;Yes;No;No;Yes;Yes;No;Yes;No;No;No;No;No;Yes;No;No;No;No;;Derecha;No;No;No
96;ProjectRun21: Do running experience and running pace influence the risk of running injury - A 14-week prospective cohort study;To investigate the association between load capacity defined as running experience and running pace, and RRI when following a specific half-marathon running schedule;.;N;Damsted, C., Parner, E. T., Sørensen, H., Malisoux, L., & Nielsen, R. O. (2019).;Denmark;2019;JOURNAL OF SCIENCE AND MEDICINE IN SPORT;Sports Medicine;784;Runners;Not reported;Running;.;Both;Amateur;Not reported;Health;Y;Generalized linear regression model;.;No;No;No;No;No;No;No;No;No;No;No;No;No;Yes;Yes;No;OK;Frequentist;STATA;No;Yes;No;Yes;Yes;Yes;Yes;Partial;No;No;No;No;Yes;No;No;No;No;;Derecha;No;No;No
97;Rates of revision and surgeon-reported graft rupture following ACL reconstruction: early results from the New Zealand ACL Registry;To identify the rate of revision and surgeon-reported graft rupture;To clarify the patient risk factors for failure;N;Rahardja, R., Zhu, M., Love, H., Clatworthy, M. G., Monk, A. P., & Young, S. W. (2020).;New Zealand;2020;KNEE SURGERY SPORTS TRAUMATOLOGY ARTHROSCOPY;Sports Medicine;7402;Cases;29.1;Not sport;.;Both;Not sport;New Zealand ACL Registry and Accident Compensation Corporation;Sports Performance Analysis;Y;Cox proportional hazards regression;.;Yes;Yes;No;No;No;No;No;No;No;No;No;No;No;No;No;No;OK;Frequentist;SPSS;No;No;No;Yes;Yes;No;Yes;Yes;Yes;Yes;No;NA;Yes;NA;NA;Yes;Yes;;Derecha;No;No;No
98;Reactive postural responses predict risk for acute musculoskeletal injury in collegiate athletes;To examine if objective assessments of reactive postural responses, quantified using wearable inertial measurement units, are associated with the risk for acute lower extremity musculoskeletal injuries in collegiate athletes;.;N;Morris, A., Fino, N. F., Pelo, R., Cushman, D. M., Monson, N. E., Jameson, T., Dibble, L. E., & Fino, P. C. (2023).;USA;2023;JOURNAL OF SCIENCE AND MEDICINE IN SPORT;Sports Medicine;191;NCAA athletes;19.3;Contact sports and Non-contact sports;Non-contact sports;Both;Both;Not reported;Sports Performance Analysis;Y;Cox proportional hazards regression;.;Yes;Yes;No;No;No;No;No;No;No;No;No;No;No;No;No;No;OK;Frequentist;SAS and MATLAB;No;No;No;Yes;Yes;Yes;Yes;No;Yes;No;No;No;Yes;Yes;Yes;Partial;Yes;;Derecha;No;No;No
99;Return to Play and Recurrence After Calf Muscle Strain Injuries in Elite Australian Football Players;To determine whether clinical and magnetic resonance imaging (MRI) data are associated with RTP and recurrence after CMSI;.;N;Green, B., Lin, M., McClelland, J. A., Semciw, A. I., Schache, A. G., Rotstein, A. H., Cook, J., & Pizzari, T. (2020).;Australia;2020;AMERICAN JOURNAL OF SPORTS MEDICINE;Sports Medicine;149;Australian football players;Not reported;Australian football;.;Male;Professional;Soft Tissue Injury Registry of the Australian Football League;Sports Performance Analysis;Y;Cox proportional hazards models;.;Yes;Yes;No;Yes;No;No;Yes;No;No;No;No;No;No;No;No;No;OK;Frequentist;SPSS;No;No;No;Yes;Yes;Yes;Yes;Yes;Partial;No;Yes;Yes;Yes;Yes;Yes;Yes;Yes;;Derecha;No;No;No
100;Return to play, performance, and career duration after anterior cruciate ligament rupture: A case-control study in the five biggest football nations in Europe;To conduct a comprehensive analysis of the return to play (RTP) rates, performance, and career duration of male football (soccer) players who experienced an anterior cruciate ligament (ACL) rupture;.;N;Niederer, D., Engeroff, T., Wilke, J., Vogt, L., & Banzer, W. (2018).;Germany;2018;SCANDINAVIAN JOURNAL OF MEDICINE & SCIENCE IN SPORTS;Sports Medicine;132;Football players;[18-37];Football;.;Male;Professional;Transfermarkt and WhoScored;Sports Performance Analysis;Y;Log-rank test;.;No;No;No;Yes;No;No;Yes;No;No;No;No;No;No;No;No;No;OK;Frequentist;SPSS;No;No;No;Yes;Yes;No;Yes;Partial;Yes;No;No;NA;Yes;Yes;Yes;No;No;;Derecha;No;No;No
101;Return-to-play probabilities following new versus recurrent ankle sprains in high school athletes;To compare time to return-to-play probability timelines for new and recurrent ankle sprains in interscholastic athletes;.;N;Medina McKeon, J. M., Bush, H. M., Reed, A., Whittington, A., Uhl, T. L., & McKeon, P. O. (2014).;USA;2014;JOURNAL OF SCIENCE AND MEDICINE IN SPORT;Sports Medicine;204;High school athletes;[14-18];American football, Football, Cross country, Golf, Volleyball, Cheerleading, Basketball, Swimming, Diving, Wrestling, Track & Field, Baseball, Softball and Tennis;Football;Both;Amateur;Not reported;Sports Performance Analysis;Y;Kaplan-Meier;.;Yes;No;No;Yes;No;No;Yes;No;No;No;No;No;No;No;No;No;OK;Frequentist;SPSS and MATLAB;No;No;No;Yes;Yes;Yes;Yes;No;Yes;No;Yes;Yes;Yes;Yes;Yes;No;No;;Derecha;No;No;No
102;Revision Risk After Allograft Anterior Cruciate Ligament Reconstruction: Association With Graft Processing Techniques, Patient Characteristics, and Graft Type;To examine the association of graft processing techniques, patient characteristics, and graft type with risk of revision surgery after allograft ACLR;.;N;Tejwani, S. G., Chen, J., Funahashi, T. T., Love, R., & Maletis, G. B. (2015).;USA;2015;AMERICAN JOURNAL OF SPORTS MEDICINE;Sports Medicine;5968;Cases;[24.1-42.9];Not sport;.;Both;Not sport;Kaiser Permanente ACL Reconstruction Registry (KPACLRR);Health;Y;Cox proportional hazard models;Cox proportional hazard models and Kaplan-Meier curves;Yes;Yes;No;Yes;No;No;Yes;No;No;No;No;No;No;No;No;No;OK;Frequentist;SAS;No;No;No;Yes;Yes;Partial;Yes;No;Partial;No;No;No;Yes;Yes;Yes;Yes;Yes;;Derecha;No;No;No
103;Risk Factors for Injury Among Japanese Collegiate Players of American Football Based on Performance Test Results;To identify how risk factors for injury during American football are related to players' physical strength as determined using typical performance tests;.;N;Iguchi, J., Watanabe, Y., Kimura, M., Fujisawa, Y., Hojo, T., Yuasa, Y., Higashi, S., & Kuzuhara, K. (2016).;Japan;2016;JOURNAL OF STRENGTH AND CONDITIONING RESEARCH;Sports Medicine;153;Japanese american football players;[19-23];American football;.;Male;Both;Not reported;Sports Performance Analysis;Y;Multivariate Cox Regression;.;Yes;Yes;No;No;No;No;No;No;No;No;No;No;No;No;No;No;OK;Frequentist;SPSS and PASS13;No;No;No;Yes;Yes;No;Yes;No;Yes;No;No;NA;Yes;Yes;Yes;Yes;Yes;;Derecha;No;No;No
104;Root Repair Versus Partial Meniscectomy for Medial Meniscus Posterior Root Tears: Comparison of Long-term Survivorship and Clinical Outcomes at Minimum 10-Year Follow-up;The compare the long-term outcomes between meniscectomy and repair in medial meniscus posterior root tears (MMPRTs);.;N;Chung, K. S., Ha, J. K., Ra, H. J., Yu, W. J., & Kim, J. G. (2020).;Korea;2020;AMERICAN JOURNAL OF SPORTS MEDICINE;Sports Medicine;55;Cases;Not reported;Not sport;.;Both;Not sport;Not reported;Health;Y;Kaplan-Meier;.;Yes;No;No;Yes;No;No;Yes;No;No;No;No;No;No;No;No;No;OK;Frequentist;SPSS;No;No;No;Yes;Yes;No;Yes;No;Partial;No;No;No;Yes;Yes;Yes;No;No;;Derecha;No;No;No
105;Seventy percent long-term survival of the repaired ACL after dynamic intraligamentary stabilization;To determine the survival of the primarily repaired ACL after dynamic intraligamentary stabilization;.;N;Ahmad, S. S., Schürholz, K., Liechti, E. F., Hirschmann, M. T., Kohl, S., & Klenke, F. M. (2020).;Switzerland;2020;KNEE SURGERY SPORTS TRAUMATOLOGY ARTHROSCOPY;Sports Medicine;57;Cases;Not reported;Not sport;.;Both;Not sport;Not reported;Health;Y;Kaplan-Meier;.;Yes;No;No;No;No;No;No;No;No;No;No;No;No;No;No;No;OK;Frequentist;Not reported;No;No;No;Yes;Yes;No;Yes;No;Yes;No;No;NA;Yes;Yes;No;Partial;Yes;;Derecha;No;No;No
107;Shoe Cushioning Influences the Running Injury Risk According to Body Mass: A Randomized Controlled Trial Involving 848 Recreational Runners;To determine if shoe cushioning influences the injury risk in recreational runners and whether the association depends on the runner's body mass;.;N;Malisoux, L., Delattre, N., Urhausen, A., & Theisen, D. (2020).;Luxembourg;2020;AMERICAN JOURNAL OF SPORTS MEDICINE;Sports Medicine;848;Recreational Runners;40.5;Running;.;Both;Amateur;NCT03115437 (ClinicalTrials.gov identifier);Health;Y;Competing-risks regression models;Fine and Gray;No;No;No;No;No;No;No;No;No;No;No;No;Yes;No;Yes;No;OK;Frequentist;STATA;No;No;No;Yes;Yes;Yes;Yes;Yes;No;No;No;No;Yes;No;No;Yes;Yes;;Derecha;No;No;No
108;Shorter Storage Time Is Strongly Associated With Improved Graft Survivorship at 5 Years After Osteochondral Allograft Transplantation;To investigate the optimal timing for osteochondral allograft (OCA) transplantation in the context of current regulations in the United States;.;N;Merkely, G., Ackermann, J., Farina, E. M., VanArsdale, C., Lattermann, C., & Gomoll, A. H. (2020).;USA;2020;AMERICAN JOURNAL OF SPORTS MEDICINE;Sports Medicine;111;Cases;[15-56];Not sport;.;Both;Not sport;Not reported;Health;Y;Kaplan-Meier;Kaplan-Meier and Multivariable Cox Regression;Yes;Yes;No;Yes;No;No;Yes;No;No;No;No;No;No;No;No;No;OK;Frequentist;SPSS;No;No;No;Yes;Yes;Partial;Yes;No;Partial;No;No;NA;Yes;Yes;Yes;Yes;Yes;;Derecha;No;No;No
109;Shorter time to first injury in first year professional football players: A cross-club comparison in the Australian Football League;To conduct the first comparison of injury risk and playing experience in these two player groups across a large number of AFL clubs;.;N;Fortington, L. V., Berry, J., Buttifant, D., Ullah, S., Diamantopoulou, K., & Finch, C. F. (2016).;Australia;2016;JOURNAL OF SCIENCE AND MEDICINE IN SPORT;Sports Medicine;125;Australian football players;Not reported;Australian football;.;Male;Professional;Australian Football League (AFL) injury survey;Sports Performance Analysis;Y;Cox proportional hazard models;.;Yes;Yes;No;Yes;No;No;Yes;No;No;No;No;No;No;No;No;No;OK;Frequentist;SPSS;No;No;No;Yes;Partial;No;Yes;Yes;Partial;No;No;No;Yes;Yes;Yes;Partial;Yes;;Derecha;No;No;No
110;Short-term Outcomes Following Concussion in the NFL: A Study of Player Longevity, Performance, and Financial Loss;To compare the short-term career outcomes for NFL players with concussions by analyzing the effect of concussions on franchise release rate, career length, salary, and performance;.;N;Navarro, S. M., Sokunbi, O. F., Haeberle, H. S., Schickendantz, M. S., Mont, M. A., Figler, R. A., & Ramkumar, P. N. (2017).;USA;2017;ORTHOPAEDIC JOURNAL OF SPORTS MEDICINE;Sports Medicine;5894;American football players;Not reported;American football;.;Male;Professional;NFL.com;Sports Performance Analysis;Y;Kaplan-Meier;.;Yes;No;No;No;No;No;No;No;No;No;No;No;No;No;No;No;OK;Frequentist;STATA;No;No;No;Yes;Yes;Partial;Yes;No;Yes;No;No;No;Yes;Yes;Yes;No;Yes;;Derecha;No;No;No
111;Similar survivorship at the 5-year follow-up comparing robotic-assisted and conventional lateral unicompartmental knee arthroplasty;To analyse the survivorship and functional outcomes of two samples with similar preoperative clinical and demographic data of lateral unicompartmental knee arthroplasty (UKA) performed with robotic and conventional surgery at a minimum 5-year follow-up;.;N;Maritan, G., Franceschi, G., Nardacchione, R., Furlan, E., Mariani, I., Ursino, N., & D'Ambrosi, R. (2023).;Italy;2023;KNEE SURGERY SPORTS TRAUMATOLOGY ARTHROSCOPY;Sports Medicine;95;Cases;[40-80];Not sport;.;Both;Not sport;Not reported;Health;Y;Kaplan-Meier;Kaplan-Meier and Cox regression;Yes;Yes;No;No;No;No;No;No;No;No;No;No;No;No;No;No;OK;Frequentist;R;No;Yes;No;Yes;Yes;No;Yes;No;Yes;No;No;NA;Yes;Yes;Yes;Partial;No;;Derecha;No;No;No
112;Sink or Swim? A survival analysis of sport dropout in Australian youth swimmers;To examine long-term participation and dropout rates in Australian youth swimming using survival analyses and to determine whether multiple individual, socio-demographic, and competition-related factors influenced dropout;.;N;Moulds, K., Abbott, S., Pion, J., Brophy-Williams, C., Heathcote, M., & Cobley, S. (2020).;Australia;2020;SCANDINAVIAN JOURNAL OF MEDICINE & SCIENCE IN SPORTS;Sports Medicine;17161;Cases;[10-15];Swimming;.;Both;Amateur;Not reported;Health;Y;Kaplan-Meier;Kaplan-Meier and Cox regression;Yes;Yes;No;Yes;No;No;Yes;No;No;No;No;No;No;No;No;No;OK;Frequentist;SPSS;No;No;No;Yes;Yes;Yes;Yes;Yes;Yes;No;No;Yes;Yes;Yes;Yes;Yes;Yes;;Derecha;No;No;Yes
113;Sitting patterns in cardiovascular disease patients compared with healthy controls and impact of cardiac rehabilitation;To identify how and when to intervene in cardiovascular disease (CVD) patients' sedentary behavior, we moved beyond studying total volume of sitting and examined sitting patterns;.;N;Ten Broeke, P., van Bakel, B. M. A., Bakker, E. A., Beckers, D. G. J., Geurts, S. A. E., Thijssen, D. H. J., Eijsvogels, T. M. H., & Bijleveld, E. (2022).;The Netherlands;2022;SCANDINAVIAN JOURNAL OF MEDICINE & SCIENCE IN SPORTS;Sports Medicine;246;Cases;Not reported;Not sport;.;Both;Not sport;Not reported;Health;Y;Cox Regression;.;No;Yes;No;No;No;No;No;No;No;No;No;No;No;No;No;No;OK;Frequentist;R;No;Yes;Yes;Yes;Yes;No;Yes;No;Partial;No;No;No;Yes;Yes;No;Yes;Yes;;Derecha;No;No;No
114;St Georg Sled medial unicompartmental arthroplasty: survivorship analysis and function at 20 years follow up;To report the functional outcome and survivorship of a large series of fixed bearing, medial unicompartmental replacements (St Georg Sled), with a minimum of 20 years follow-up;.;N;Porteous, A. J., Smith, J. R. A., Bray, R., Robinson, J. R., White, P., & Murray, J. R. D. (2022).;UK;2022;KNEE SURGERY SPORTS TRAUMATOLOGY ARTHROSCOPY;Sports Medicine;496;Cases;72;Not sport;.;Both;Not sport;Not reported;Health;Y;Kaplan-Meier;.;Yes;No;No;Yes;No;No;Yes;No;No;No;No;No;No;No;No;No;OK;Frequentist;SPSS;Yes;No;No;Yes;Yes;Yes;Yes;No;Partial;No;No;NA;Yes;Yes;Yes;No;No;;Derecha;No;No;No
115;Subsequent Surgery Up to 10 Years After Osteochondral Allograft and Osteochondral Autograft: An Analysis of More Than 2000 Patients;To analyze the frequency of subsequent surgeries in patients who underwent OCA versus OAT;.;N;Burroughs, P. J., Kahan, J. B., Moran, J., Gillinov, S. M., Joo, P. Y., Schneble, C. A., Moore, H. G., Grauer, J. N., & Medvecky, M. J. (2022).;USA;2022;ORTHOPAEDIC JOURNAL OF SPORTS MEDICINE;Sports Medicine;2598;Cases;[10-59];Not sport;.;Both;Not sport;PearlDiver Mariner database;Health;Y;Kaplan-Meier;Kaplan-Meier and Mantel-Cox log-rank test;Yes;No;No;Yes;No;No;Yes;No;No;No;No;No;No;No;No;No;OK;Frequentist;PearlDiver software;No;Yes;No;Yes;Yes;Yes;Yes;No;Yes;No;No;NA;Yes;Yes;Yes;No;No;;Derecha;No;No;No
116;Superior long-term survival for fixed bearing compared with mobile bearing in ligament-balanced total knee arthroplasty;To investigate the 12-year results of primary TKA using a balancing gap technique and compared survival and clinical outcome between fixed and mobile inserts;.;N;Heesterbeek, P. J. C., van Houten, A. H., Klenk, J. S., Eijer, H., Christen, B., Wymenga, A. B., & Schuster, A. J. (2018).;Switzerland;2018;KNEE SURGERY SPORTS TRAUMATOLOGY ARTHROSCOPY;Sports Medicine;521;Cases;[54.5-97.3];Not sport;.;Both;Not sport;Not reported;Health;Y;Kaplan-Meier;.;Yes;No;No;Yes;No;No;Yes;No;No;No;No;No;No;No;No;No;OK;Frequentist;STATA;No;No;No;Yes;Yes;Partial;Yes;No;Yes;No;No;NA;Yes;Yes;Yes;Partial;No;;Derecha;No;No;No
117;Survival Analysis of Revision Autologous Chondrocyte Implantation for Failed ACI;To evaluate clinical outcomes in patients who underwent revision ACI of the knee for failure of an initial ACI;To determine the factors affecting the survival rate;N;Ogura, T., Bryant, T., Merkely, G., Mosier, B. A., & Minas, T. (2019).;USA;2019;AMERICAN JOURNAL OF SPORTS MEDICINE;Sports Medicine;53;Cases;[19-60];Not sport;.;Both;Not sport;Not reported;Health;Y;Kaplan-Meier;.;Yes;No;No;Yes;No;No;Yes;No;No;No;No;No;No;No;No;No;OK;Frequentist;STATA;No;No;No;Yes;Yes;No;Yes;No;Yes;No;No;No;Yes;Yes;Yes;No;No;;Derecha;No;No;No
118;Survival and reoperation rates after meniscal allograft transplantation: analysis of failures for 172 consecutive transplants at a minimum 2-year follow-up;To quantify survival for MAT and report findings at reoperation;.;N;McCormick, F., Harris, J. D., Abrams, G. D., Hussey, K. E., Wilson, H., Frank, R., Gupta, A. K., Bach, B. R., Jr, & Cole, B. J. (2014).;USA;2014;AMERICAN JOURNAL OF SPORTS MEDICINE;Sports Medicine;172;Cases;[16-56];Not sport;.;Both;Not sport;Not reported;Health;Y;Kaplan-Meier;.;Yes;No;No;Yes;No;No;Yes;No;No;No;No;No;No;No;No;No;OK;Frequentist;SPSS;No;No;No;Yes;Yes;Yes;Yes;No;Partial;No;No;NA;Yes;Yes;Yes;No;Yes;;Derecha;No;No;Yes
119;Survivorship After Meniscal Allograft Transplantation According to Articular Cartilage Status;To estimate of graft survival according to the articular cartilage status have not been performed;.;N;Lee, B. S., Bin, S. I., Kim, J. M., Kim, W. K., & Choi, J. W. (2017).;Korea;2017;AMERICAN JOURNAL OF SPORTS MEDICINE;Sports Medicine;222;Cases;37.5;Not sport;.;Both;Not sport;Not reported;Health;Y;Kaplan-Meier;Kaplan-Meier and log-rank test;Yes;Yes;No;Yes;No;No;Yes;No;No;No;No;No;No;No;No;No;OK;Frequentist;SPSS;No;No;No;Yes;Yes;Yes;Yes;No;Yes;No;No;No;Yes;Yes;Yes;Partial;Yes;;Derecha;No;No;No
120;Survivorship and clinical outcomes of 147 consecutive isolated or combined arthroscopic bone plug free meniscal allograft transplantation;To present the results of a survival analysis of a series of 147 arthroscopic MAT procedures;.;N;Zaffagnini, S., Grassi, A., Marcheggiani Muccioli, G. M., Benzi, A., Serra, M., Rotini, M., Bragonzoni, L., & Marcacci, M. (2016).;Italy;2016;KNEE SURGERY SPORTS TRAUMATOLOGY ARTHROSCOPY;Sports Medicine;147;Cases;Not reported;Not sport;.;Both;Not sport;Not reported;Health;Y;Kaplan-Meier;.;Yes;No;No;Yes;No;No;Yes;No;No;No;No;No;No;No;No;No;OK;Frequentist;MedCalc;No;No;No;Yes;Partial;No;Yes;No;Partial;No;No;No;Yes;Yes;Yes;Yes;No;;Derecha;No;No;No
121;Suspensory Versus Interference Tibial Fixation of Hamstring Tendon Autografts in Anterior Cruciate Ligament Reconstruction: Results From the New Zealand ACL Registry;To investigate the association between the type of tibial fixation device and the risk of revision ACLR;.;N;Rahardja, R., Love, H., Clatworthy, M. G., Monk, A. P., & Young, S. W. (2022).;New Zealand;2022;AMERICAN JOURNAL OF SPORTS MEDICINE;Sports Medicine;6145;Cases;30;Not sport;.;Both;Not sport;New Zealand ACL Registry;Health;Y;Cox Regression;.;No;Yes;No;No;No;No;No;No;No;No;No;No;No;No;No;No;OK;Frequentist;SPSS;No;No;No;Yes;Yes;No;Yes;Yes;Partial;No;No;No;Yes;No;No;Yes;Yes;;Derecha;No;No;No
122;Talent in Female Gymnastics: a Survival Analysis Based upon Performance Characteristics;To investigate the link between the anthropometric, physical and motor characteristics assessed during talent identification and dropout in young female gymnasts;.;N;Pion, J., Lenoir, M., Vandorpe, B., & Segers, V. (2015).;Belgium;2015;INTERNATIONAL JOURNAL OF SPORTS MEDICINE;Sports Medicine;243;Gymnasts;[6-9];Gymnastics;.;Female;Amateur;Not reported;Sports Performance Analysis;Y;Kaplan-Meier;Kaplan-Meier and Cox Proportional hazards;Yes;Yes;No;No;No;No;No;No;No;No;No;No;No;No;No;No;OK;Frequentist;Not reported;No;No;No;Yes;Yes;No;Yes;No;Yes;No;No;No;Yes;Yes;Yes;Yes;Yes;;Derecha;No;No;No
123;The Association Between Changes in Weekly Running Distance and Running-Related Injury: Preparing for a Half Marathon;To investigate the association between change in weekly running distance and RRI;To examine whether the association may be modified by the running schedule the runner follows;N;Damsted, C., Parner, E. T., Sørensen, H., Malisoux, L., Hulme, A., & Nielsen, R. Ø. (2019).;Denmark;2019;JOURNAL OF ORTHOPAEDIC & SPORTS PHYSICAL THERAPY;Sports Medicine;261;Recreational Runners;Not reported;Running;.;Both;Both;Not reported;Health;Y;Generalized linear regression model;.;No;No;No;No;No;No;No;No;Yes;Yes;No;No;No;No;No;No;OK;Frequentist;STATA;No;No;No;Yes;Yes;No;Partial;No;No;No;No;No;Partial;No;No;Partial;Yes;;Derecha;No;No;Yes
124;The association between Y-balance test scores, injury, and physical performance in elite adolescent Australian footballers;To identify how modified Lower-Quarter Y-Balance Test (mYBT-LQ) and Upper-Quarter Balance Test (mYBT-UQ) scores relate to injury risk and measures of physical performance in elite adolescent Australian Football (AF) athletes;.;N;Bennett, H., Chalmers, S., Milanese, S., & Fuller, J. (2022).;Australia;2022;JOURNAL OF SCIENCE AND MEDICINE IN SPORT;Sports Medicine;257;Australian football players;<18;Australian football;.;Male;Amateur;Not reported;Sports Performance Analysis;Y;Cox proportional hazards regression;.;No;Yes;No;No;No;No;No;No;No;No;No;No;No;No;No;No;OK;Frequentist;R;No;No;No;Yes;Yes;No;Yes;No;Yes;No;No;No;Yes;Yes;Yes;Yes;Yes;;Derecha;No;No;No
125;The Course of Concussion Recovery in Children 6-12 Years of Age: Experience From an Interdisciplinary Rehabilitation Clinic;To describe patient variables, clinical course, and factors associated with time to discharge from concussion care in children 6-12 years of age with concussion treated in an interdisciplinary rehabilitation-based concussion clinic;.;N;Risen, S. R., Reesman, J., Yenokyan, G., Slomine, B. S., & Suskauer, S. J. (2017).;USA;2017;PM & R: THE JOURNAL OF INJURY, FUNCTION AND REHABILITATION;Sports Medicine;105;Cases;[6-12];Not sport;.;Both;Not sport;Not reported;Health;Y;Kaplan-Meier;Kaplan-Meier and Cox Proportional hazards;Yes;Yes;No;Yes;No;No;Yes;No;No;No;No;No;No;No;No;No;OK;Frequentist;STATA;No;No;No;Yes;Yes;Yes;Yes;No;Partial;No;No;Yes;Yes;Yes;Yes;Yes;Yes;;Derecha;No;No;No
126;The effect of patient, provider and surgical factors on survivorship of high tibial osteotomy to total knee arthroplasty: a population-based study;To identify the survivorship of high tibial osteotomy (HTO) to total knee arthroplasty (TKA) on a population level, and identify the patient, provider and surgical factors that influenced eventual TKA;.;N;Khoshbin, A., Sheth, U., Ogilvie-Harris, D., Mahomed, N., Jenkinson, R., Gandhi, R., & Wasserstein, D. (2017).;Canada;2017;KNEE SURGERY SPORTS TRAUMATOLOGY ARTHROSCOPY;Sports Medicine;2671;Cases;[39-53];Not sport;.;Both;Not sport;Not reported;Health;Y;Kaplan-Meier;Kaplan-Meier and Cox Proportional hazards;Yes;Yes;No;No;No;No;No;No;No;No;No;No;No;No;No;No;OK;Frequentist;SAS;No;No;No;Yes;Yes;Yes;Yes;No;Partial;No;No;No;Yes;NA;NA;Yes;Yes;;Derecha;No;No;No
127;The impact of concussion on subsequent injury risk in elite junior Australian football athletes;To determine whether subsequent injury risk was greater after concussion compared to non-concussion index injury using multilevel survival analysis;.;N;Bennett, H., Chalmers, S., & Fuller, J. (2023).;Australia;2023;JOURNAL OF SCIENCE AND MEDICINE IN SPORT;Sports Medicine;1455;Australian football players;[17.2];Australian football;.;Male;Both;Not reported;Sports Performance Analysis;Y;Mixed-effects logistic regression;.;No;Yes;No;No;No;No;No;Yes;No;No;No;No;No;No;No;No;OK;Frequentist;STATA;No;No;No;Yes;Yes;No;Yes;No;Partial;No;No;No;Yes;Yes;Yes;Yes;Yes;;Derecha;No;Yes;No
128;The Incidence of Subsequent Meniscal Surgery Is Higher in the Anterior Cruciate Ligament-Reconstructed Knee Than in the Contralateral Knee;To evaluate whether there was a different likelihood of subsequent meniscal surgery in the ACL-reconstructed knee or in the normal contralateral knee;To compare the risk factors associated with subsequent meniscal surgery in the ACL-reconstructed knee and contralateral knee;N;Davis, B. R., Chen, J., Inacio, M. C. S., Love, R., Prentice, H. A., & Maletis, G. B. (2017).;USA;2017;AMERICAN JOURNAL OF SPORTS MEDICINE;Sports Medicine;4087;Cases;[18.02-36.17];Not sport;.;Both;Not sport;Kaiser Permanente ACL Reconstruction Registry (KPACLRR);Health;N;Survival analysis;.;Yes;Yes;No;Yes;No;No;Yes;No;No;No;No;No;No;No;No;No;OK;Frequentist;SAS;No;No;No;Yes;Yes;Yes;Yes;Yes;Yes;No;No;NA;Yes;Yes;Yes;NA;Yes;;Derecha;No;No;No
129;The influence of initial selection age, relative age effect and country long-term performance on the re-selection process in European basketball youth national teams;To analyse the re-selection patterns in European youth basketball national teams;To investigate how the chance of re-selection is influenced by the initial selection age and relative age of the players, as well as the long-term performance of the country at the youth level;Y;Kalén, A., Lundkvist, E., Ivarsson, A., Rey, E., & Pérez-Ferreirós, A. (2021).;Spain;2021;JOURNAL OF SPORTS SCIENCES;Sports Medicine;8362;Youth basketball players;<20;Basketball;.;Both;Both;Official FIBA archive;Sports Performance Analysis;Y;Bayesian multilevel logistic regression;.;No;No;No;No;No;No;No;No;No;No;No;No;No;No;No;Yes;OK;Bayesian;R and STAN;No;Yes;Yes;Yes;Yes;No;Yes;No;Yes;No;No;No;Yes;Yes;No;Yes;No;;Derecha;No;Yes;No
130;The Role of Reported Affective Symptoms and Anxiety in Recovery Trajectories After Sport-Related Concussion;To examine the relationship between affective symptom reporting and RTP progression after SRC among a cohort of Division 1 student-athletes;.;N;D'Alonzo, B. A., Bretzin, A. C., Wiebe, D. J., & Ivy League–Big Ten Epidemiology of Concussion Study Investigators (2022).;USA;2022;AMERICAN JOURNAL OF SPORTS MEDICINE;Sports Medicine;2077;Athletes;Not reported;American football, Football, Basketball, Lacrosse and Wrestling;Football;Both;Both;Not reported;Health;Y;Cox Regression;Cox Regression and Kaplan-Meier curves;Yes;Yes;No;Yes;No;No;Yes;No;No;No;No;No;No;No;No;No;OK;Frequentist;STATA;No;No;No;Yes;Yes;Yes;Yes;Yes;Yes;Yes;No;Yes;Yes;Yes;Yes;Yes;Yes;;Derecha;No;No;No
131;The self-aligning knee prosthesis: clinical and radiological outcome and survival analysis of a cruciate retaining meniscal bearing knee at 10-year follow-up;To determine the clinical and radiological results and the survival of the prosthesis;.;N;van Stralen, R. A., Anderson, P. G., & Wymenga, A. B. (2014).;The Netherlands;2014;KNEE SURGERY SPORTS TRAUMATOLOGY ARTHROSCOPY;Sports Medicine;246;Cases;69;Not sport;.;Both;Not sport;Not reported;Health;Y;Kaplan-Meier;.;Yes;No;No;No;No;No;No;No;No;No;No;No;No;No;No;No;OK;Frequentist;Not reported;No;No;No;Yes;Yes;No;Yes;No;Yes;No;No;NA;Yes;Yes;No;No;No;;Derecha;Yes;No;No
132;Tibial component alignment and risk of loosening in unicompartmental knee arthroplasty: a radiographic and radiostereometric study;To study if tibial component malalignment is correlated with its risk of loosening in UKA;.;N;Barbadoro, P., Ensini, A., Leardini, A., d'Amato, M., Feliciangeli, A., Timoncini, A., Amadei, F., Belvedere, C., & Giannini, S. (2014).;Italy;2014;KNEE SURGERY SPORTS TRAUMATOLOGY ARTHROSCOPY;Sports Medicine;23;Cases;Not reported;Not sport;.;Both;Not sport;Not reported;Health;N;Survival analysis;.;No;No;Yes;No;No;No;No;No;No;No;No;No;No;No;No;No;OK;Frequentist;SPSS;Yes;No;No;Yes;Yes;No;Partial;No;No;No;No;No;No;No;No;NA;No;;Derecha;No;No;No
133;Time-to-Event Analyses: Return to Unrestricted Participation After Sport-Related Concussion in a Cohort of High School Athletes;To describe the time to authorized unrestricted return to participation (RTP) after SRC in a large cohort of high school student-athletes in a variety of sports using a time-to-event analysis;.;N;Covassin, T., Bretzin, A. C., Beidler, E., & Wallace, J. (2021).;USA;2021;JOURNAL OF ATHLETIC TRAINING;Sports Medicine;15821;High-school student athletes;<18;American football, Basketball, Baseball, Softball, Football, Gymnastics, Hockey, Lacrosse, Swimming, Tennis, Track & Field, Volleyball and Wrestling;Basketball;Both;Amateur;Michigan High School Athletic Association Head Injury Reporting System;Health;Y;Kaplan-Meier;.;Yes;No;No;Yes;No;No;Yes;No;No;No;No;No;No;No;No;No;OK;Frequentist;STATA;No;No;No;Yes;Yes;No;Yes;No;Yes;No;No;Yes;Yes;Yes;Yes;No;No;;Derecha;No;No;No
134;Transitioning to Barefoot Running Using a Minimalist Shoe Intermediary: A Prospective Cohort Study;To investigate the probability of runners successfully transitioning from running in a traditional shoe to barefoot;To identify prognostic indicators of failure of transition to barefoot running;N;Mills, K., Collins, N. J., & Vicenzino, B. (2023).;Australia;2023;MEDICINE AND SCIENCE IN SPORTS AND EXERCISE;Sports Medicine;76;Runners;35.04;Running;.;Both;Amateur;Not reported;Health;Y;Cox Regression;.;Yes;Yes;No;No;No;No;No;No;No;No;No;No;No;No;No;No;OK;Frequentist;R;Yes;No;No;Yes;Yes;Yes;Yes;Yes;Yes;No;No;NA;Yes;NA;NA;Yes;Yes;;Derecha;No;No;No
135;Treatment of Painful, Irreparable Partial Meniscal Defects With a Polyurethane Scaffold: Midterm Clinical Outcomes and Survival Analysis;To study if acellular polyurethane scaffold for new tissue generation in irreparable, partial meniscal defects provides both midterm pain relief and improved functionality;.;N;Dhollander, A., Verdonk, P., & Verdonk, R. (2016).;Belgium;2016;AMERICAN JOURNAL OF SPORTS MEDICINE;Sports Medicine;44;Cases;[16-50];Not sport;.;Both;Not sport;Not reported;Health;Y;Kaplan-Meier;.;Yes;No;No;No;No;No;No;No;No;No;No;No;No;No;No;No;OK;Frequentist;SPSS;No;No;No;Yes;Yes;No;Yes;No;Yes;No;No;NA;Yes;Yes;Yes;No;No;;Derecha;No;No;No
136;Trends in concussion return-to-play timelines among high school athletes from 2007 through 2009;To develop probability estimates for time until RTP after sport-related concussion;.;N;McKeon, J. M., Livingston, S. C., Reed, A., Hosey, R. G., Black, W. S., & Bush, H. M. (2013).;USA;2013;JOURNAL OF ATHLETIC TRAINING;Sports Medicine;81;Cases;<18;American football, Football, Basketball, Baseball, Track & Field, Cheerleading, Softball, Volleyball and Wrestling;Football;Both;Amateur;Central Kentucky Injury Surveillance System;Health;Y;Kaplan-Meier;.;Yes;No;No;Yes;No;No;Yes;No;No;No;No;No;No;No;No;No;OK;Frequentist;SPSS and MATLAB;No;No;No;Yes;Yes;Yes;Yes;No;Yes;No;Yes;No;Yes;NA;NA;No;No;;Derecha;No;No;No
137;UniCAP offers a long term treatment for middle-aged patients, who are not revised within the first 9 years;To investigate the long-term outcome of the unicompartmental knee resurfacing prosthesis (UniCAP) using clinical and radiographic assessments;To evaluate the revision and survival rates;N;Laursen, J. O., Mogensen, C. B., & Skjøt-Arkil, H. (2019).;Denmark;2019;KNEE SURGERY SPORTS TRAUMATOLOGY ARTHROSCOPY;Sports Medicine;64;Cases;[35-65];Not sport;.;Both;Not sport;Not reported;Health;Y;Kaplan-Meier;.;Yes;No;No;No;No;No;No;No;No;No;No;No;No;No;No;No;OK;Frequentist;STATA;No;No;No;Yes;Yes;No;Yes;No;Partial;No;No;No;Yes;NA;NA;No;No;;Derecha;No;No;No
138;Young Athletes Who Return to Sport Before 9 Months After Anterior Cruciate Ligament Reconstruction Have a Rate of New Injury 7 Times That of Those Who Delay Return;To investigate the association between sustaining a second anterior cruciate ligament (ACL) injury and (1) time to return to sport, (2) symmetrical muscle function, and (3) symmetrical quadriceps strength at the time of return to sport in young athletes after primary ACL reconstruction;.;N;Beischer, S., Gustavsson, L., Senorski, E. H., Karlsson, J., Thomeé, C., Samuelsson, K., & Thomeé, R. (2020).;Sweden;2020;JOURNAL OF ORTHOPAEDIC & SPORTS PHYSICAL THERAPY;Sports Medicine;159;Athletes;[15-30];Football, Basketball, Baseball, Hurdling, Orienteering, Snowboarding, Badminton, High jump, Tennis, Downhill skiing, Volleyball, Handball, Floorball, Long jump, Ice hockey, Mogul skiing, American football, Wrestling and Figure skating;Basketball;Both;Professional;Project ACL;Sports Performance Analysis;Y;Cox proportional hazard regression;.;Yes;Yes;No;No;No;No;No;No;No;No;No;No;No;No;No;No;OK;Frequentist;SAS;No;Yes;No;Yes;Yes;Partial;Yes;Partial;No;No;Yes;Yes;Yes;NA;NA;Yes;Yes;;Derecha;No;No;Yes
139;Younger patients with high varus malalignment of the contralateral knee may be candidates for simultaneous bilateral total knee arthroplasty;To review the clinical course of contralateral knees in patients who underwent unilateral TKA (UTKA) to determine which patients are candidates for simultaneous bilateral TKA (BTKA);.;N;Hashimoto, S., Terauchi, M., Hatayama, K., Saito, K., & Chikuda, H. (2019).;Japan;2019;KNEE SURGERY SPORTS TRAUMATOLOGY ARTHROSCOPY;Sports Medicine;186;Cases;73.2;Not sport;.;Both;Not sport;Not reported;Health;Y;Kaplan-Meier;.;Yes;Yes;No;Yes;No;No;Yes;No;No;No;No;No;No;No;No;No;OK;Frequentist;SPSS;No;No;No;Yes;Yes;No;Yes;No;Yes;No;No;No;Yes;Yes;Yes;Yes;Yes;;Derecha;No;No;No
